tconst	titleType	primaryTitle	startYear	runtimeMinutes	genres	averageRating	numVotes
tt0102842	tvMovie	Sarah, Plain and Tall	1991	98	Drama,Family,Romance	7.3	2160
tt0108159	tvMovie	Skylark	1993	95	Drama	7.2	1014
tt0140340	tvMovie	The Love Letter	1998	99	Fantasy,Romance	7.2	2104
tt0184799	tvMovie	Ordinary Miracles	2005	85	Drama	6.4	531
tt0192573	tvMovie	Sarah, Plain & Tall: Winter's End	1999	95	Drama	6.8	955
tt0193732	tvMovie	Missing Pieces	2000	96	Drama	5.8	164
tt0201513	tvMovie	Like Cats and Dogs	2004	120	Romance	7.3	54
tt0217066	tvMovie	A Storm in Summer	2000	94	Drama	6.9	480
tt0224816	tvMovie	Cupid & Cate	2000	100	Drama,Romance	6.1	753
tt0248415	tvMovie	Second Honeymoon	2001	120	Comedy,Romance	5.3	324
tt0255605	tvMovie	Snow White: The Fairest of Them All	2001	93	Adventure,Family,Fantasy	5.7	4551
tt0257679	tvMovie	The Flamingo Rising	2001	94	Drama	5.8	297
tt0261203	tvMovie	Prince Charming	2001	87	Adventure,Comedy,Family	6.0	2379
tt0262682	tvMovie	Personally Yours	2000	96	Comedy,Family,Romance	6.4	546
tt0267693	tvMovie	In Love and War	2001	90	Drama,Romance,War	6.5	380
tt0284123	tvMovie	Follow the Stars Home	2001	103	Drama,Family,Romance	7.1	1018
tt0299134	tvMovie	The Seventh Stream	2001	100	Drama,Fantasy,Romance	6.9	411
tt0325706	tvMovie	The Last Cowboy	2003	100	Drama,Western	6.2	588
tt0338410	tvMovie	Santa, Jr.	2002	100	Comedy,Fantasy,Romance	5.4	551
tt0338434	tvMovie	Silent Night	2002	100	Biography,Drama,War	7.5	1634
tt0340380	tvMovie	Straight from the Heart	2003	88	Drama,Romance	6.8	1669
tt0342639	tvMovie	The King and Queen of Moonlight Bay	2003	84	Drama	6.6	787
tt0343531	tvMovie	A Christmas Visitor	2002	100	Drama	6.9	1140
tt0345591	tvMovie	Love Comes Softly	2003	84	Drama,Family,Romance	7.3	6316
tt0349529	tvMovie	Hard Ground	2003	93	Western	5.6	405
tt0351258	tvMovie	Love Again	2003	75	Drama	8.3	52
tt0352188	tvMovie	Audrey's Rain	2003	84	Drama,Family	5.6	262
tt0357648	tvMovie	Fallen Angel	2003	120	Drama,Romance	7.0	1204
tt0363728	tvMovie	Just Desserts	2004	92	Comedy,Romance	5.9	1232
tt0363827	tvMovie	Monster Makers	2003	88	Family,Fantasy,Sci-Fi	5.0	267
tt0364603	tvMovie	Plainsong	2004	97	Drama	6.5	368
tt0368382	tvMovie	A Time to Remember	2003	88	Drama,Family	6.2	250
tt0370904	tvMovie	Lucky 7	2003	95	Comedy,Romance	6.6	2890
tt0370987	tvEpisode	Mystery Woman	2003	88	Mystery	6.5	658
tt0375139	tvMovie	A Place Called Home	2004	88	Drama,Family	6.4	336
tt0385013	tvMovie	I Want to Marry Ryan Banks	2004	95	Comedy,Romance	6.1	1849
tt0385567	tvMovie	A Boyfriend for Christmas	2004	94	Comedy,Drama,Family	6.4	3231
tt0399281	tvMovie	Life on Liberty Street	2004	89	Drama,Romance	5.8	175
tt0399301	tvMovie	Where There's a Will	2006	85	Comedy,Drama	6.2	260
tt0402260	tvMovie	The Trail to Hope Rose	2004	89	Western	5.9	368
tt0402348	tvMovie	Love's Enduring Promise	2004	120	Drama,Family,Western	7.0	3409
tt0403120	tvMovie	Angel in the Family	2004	120	Drama,Fantasy	5.8	555
tt0413900	tvMovie	Single Santa Seeks Mrs. Claus	2004	96	Comedy,Family,Fantasy	5.8	1469
tt0418315	tvMovie	Wedding Daze	2004	88	Comedy,Family	5.7	820
tt0419816	tvMovie	Back to You and Me	2005	92	Drama,Romance	6.6	575
tt0420683	tvMovie	I Do (But I Don't)	2004	97	Comedy,Drama,Romance	5.5	2291
tt0420818	tvMovie	Out of the Woods	2005	87	Drama,Family	6.2	358
tt0425468	tvMovie	Snow	2004	120	Comedy,Family,Fantasy	6.5	1867
tt0433562	tvMovie	Family Plan	2005	85	Comedy	5.4	768
tt0433575	tvMovie	In from the Night	2006	97	Drama	6.4	355
tt0441733	tvMovie	Annie's Point	2005	87	Drama	6.8	342
tt0446769	tvMovie	The Reading Room	2005	93	Drama	7.2	645
tt0453486	tvMovie	Falling in Love with the Girl Next Door	2006	84	Comedy	5.8	661
tt0457477	tvMovie	Silver Bells	2005	95	Drama,Family,Romance	6.4	1139
tt0463959	tvMovie	Desolation Canyon	2006	80	Western	5.5	352
tt0466831	tvMovie	Hidden Places	2006	86	Drama,Romance	6.4	540
tt0472576	tvMovie	Wild Hearts	2006	90	Drama	6.4	377
tt0473376	tvMovie	Our House	2006	90	Drama	7.3	392
tt0486420	tvMovie	Love's Long Journey	2005	120	Drama,Family,Western	7.1	2187
tt0486506	tvMovie	The Valley of Light	2006	97	Drama,Family,Romance	6.6	1258
tt0491722	tvMovie	Meet the Santas	2005	96	Comedy,Family,Fantasy	5.7	951
tt0498360	tvMovie	Jesse Stone: Night Passage	2006	89	Crime,Drama	7.2	4966
tt0499580	tvMovie	Though None Go with Me	2006	100	Drama	6.8	689
tt0783494	tvMovie	The Christmas Card	2006	84	Drama,Romance	7.0	4012
tt0829317	tvMovie	What I Did for Love	2006	90	Drama,Romance	5.6	516
tt0866438	tvMovie	Love Is a Four Letter Word	2007	95	Comedy,Romance	5.5	451
tt0906664	tvMovie	Sacrifices of the Heart	2007	90	Drama	6.0	226
tt0926284	tvMovie	Claire	2007	80	Drama,Thriller	4.5	181
tt0929864	tvMovie	Love's Unending Legacy	2007	90	Drama,Family,Romance	7.0	1594
tt0938291	tvMovie	A Stranger's Heart	2007	85	Romance	5.6	417
tt0950740	tvMovie	A Grandpa for Christmas	2007	84	Comedy,Drama	6.9	1219
tt0960143	tvMovie	Love's Unfolding Dream	2007	90	Drama,Family,Western	6.9	1295
tt0995065	tvMovie	You've Got a Friend	2007	90	Family	6.5	611
tt1001491	tvMovie	Avenging Angel	2007	81	Drama,Western	5.4	553
tt10022384	movie	The Protector	2019	126	Comedy,Romance	5.6	689
tt10053944	tvMovie	The Dating List	2019	83	Comedy,Romance	6.4	697
tt10059806	tvEpisode	Preview Special	2019	5	Crime,Drama,Mystery	8.0	26
tt10118110	tvMovie	Christmas Wedding Runaway	2019	85	Drama,Romance	5.5	377
tt10136826	tvMovie	Paris, Wine and Romance	2019	84	Romance	6.8	1218
tt10136840	tvMovie	A Feeling of Home	2019	83	Romance	6.0	907
tt10136854	tvMovie	Five Summer Weddings	2019	84	Comedy,Drama,Family	6.5	1287
tt10136864	tvMovie	Love in the Sun	2019	82	Romance	5.4	817
tt10136884	tvMovie	The Last Bridesmaid	2019	84	Romance	6.7	1079
tt10136898	tvMovie	Christmas Wishes and Mistletoe Kisses	2019	84	Drama,Family,Romance	6.5	1535
tt10136902	tvMovie	Love, Take Two	2019	84	Romance	5.9	582
tt10136908	tvMovie	In the Key of Love	2019	83	Romance	6.2	857
tt10149756	tvMovie	Matchmaker Christmas	2019	90	Drama,Romance	6.1	544
tt10154790	tvMovie	Picture Perfect Royal Christmas	2020	90	Family,Romance	5.5	319
tt10176734	tvMovie	A Storybook Christmas	2019	83	Romance	6.6	820
tt10177634	tvMovie	A Christmas Princess	2019	90	Comedy,Romance	5.5	681
tt10189570	tvEpisode	Morning Show Mysteries: Countdown to Murder	2019	83	Drama,Mystery	6.3	396
tt10210182	movie	Christmas a la Mode	2019	87	Drama,Romance	6.4	919
tt10224134	tvMovie	A Summer Romance	2019	87	Comedy,Drama,Romance	6.8	1469
tt10228590	tvEpisode	Morning Show Mysteries: Death by Design	2019	84	Drama,Mystery	6.5	382
tt10244894	tvEpisode	Hailey Dean Mysteries: Death on Duty	2019	120	Crime,Drama,Mystery	6.7	579
tt10244898	tvEpisode	Hailey Dean Mysteries: A Prescription for Murder	2019	120	Crime,Drama,Mystery	6.8	542
tt10244900	tvEpisode	Hailey Dean Mysteries: Killer Sentence	2019	120	Crime,Drama,Mystery	6.9	458
tt10295168	tvMovie	A Very Vintage Christmas	2019	87	Comedy,Drama,Romance	6.0	560
tt10297640	tvMovie	Amazing Winter Romance	2020	83	Comedy,Drama,Romance	6.0	844
tt10298432	tvMovie	Romance Retreat	2019	84	Romance	5.7	483
tt10298896	tvMovie	Over the Moon in Love	2019	83	Romance	6.3	1127
tt10302982	tvMovie	JL Family Ranch 2	2020	83	Family,Western	5.8	357
tt10309574	movie	A Christmas Winter Song	2019	90	Drama	6.7	381
tt10337562	tvMovie	Sister of the Bride	2019	83	Comedy,Romance	6.1	641
tt10344956	tvMovie	Christmas in Rome	2019	90	Drama,Romance	6.7	1927
tt10344986	tvMovie	Christmas Town	2019	80	Drama,Romance	6.8	1713
tt10345008	tvMovie	Write Before Christmas	2019	84	Drama,Romance	7.0	2445
tt10345022	tvMovie	Merry & Bright	2019	84	Drama,Romance	6.4	1574
tt10345024	tvMovie	A Taste of Summer	2019	82	Romance	6.2	943
tt10346362	tvMovie	Eat, Drink and be Married	2019	84	Romance	5.4	350
tt10369966	tvEpisode	Playing Dead	2019	87	Crime,Drama,Mystery	7.0	953
tt10369978	tvMovie	Love and Sunshine	2019	84	Romance	7.2	1204
tt10380706	tvMovie	Wedding March 5: My Boyfriend's Back	2019	84	Romance	6.2	592
tt10388558	tvMovie	Home for Harvest	2019	86	Romance	4.7	246
tt10433222	tvMovie	A Merry Christmas Match	2019	82	Comedy,Drama,Romance	5.8	1180
tt10471748	tvMovie	Random Acts of Christmas	2019	88	Drama,Family,Romance	6.5	920
tt10481792	movie	Christmas with a Prince: Becoming Royal	2019	93	Romance	5.9	513
tt10482348	tvMovie	A Christmas Wish	2019	90	Comedy,Drama,Family	6.2	826
tt10493490	tvMovie	Two Turtle Doves	2019	84	Drama,Family,Romance	6.8	1162
tt10516322	tvMovie	The Charm Bracelet	2020	86	Romance	6.9	1270
tt10553910	tvMovie	Picture a Perfect Christmas	2019	84	Drama,Romance	6.9	1475
tt10571920	tvMovie	Nostalgic Christmas	2019	84	Drama,Romance	6.3	1103
tt10582422	movie	Sweet Sunshine	2020	93	Drama	6.8	379
tt10583460	tvMovie	Radio Christmas	2019	87	Drama,Romance	6.1	457
tt10606866	tvMovie	Love in Store	2020	82	Drama,Romance	6.4	1130
tt10623478	tvMovie	Christmas Love Letter	2019	86	Drama,Romance	6.1	515
tt10627564	tvMovie	Christmas at Dollywood	2019	83	Drama,Family,Romance	6.1	1086
tt10642154	tvMovie	Christmas Reservations	2019	86	Comedy,Drama,Romance	6.0	724
tt10650610	tvMovie	Sense, Sensibility & Snowmen	2019	83	Romance	6.4	1445
tt10650924	tvMovie	Same Time, Next Christmas	2019	90	Drama,Romance	6.1	1261
tt10651668	tvMovie	My One & Only	2019	84	Drama,Romance	6.6	1100
tt10667026	tvMovie	The Christmas Club	2019	84	Comedy,Drama,Family	6.7	1275
tt1068284	tvMovie	Snowglobe	2007	86	Comedy,Family,Fantasy	5.9	2486
tt10700392	tvMovie	The Road Home for Christmas	2019	84	Drama,Romance	6.8	622
tt10709020	tvEpisode	Picture Perfect Mysteries: Dead Over Diamonds	2020	82	Crime,Mystery,Romance	6.4	548
tt10709048	tvEpisode	Words Can Kill	2019	84	Crime,Drama,Mystery	7.2	855
tt10709058	tvEpisode	Dead Talk	2019	86	Crime,Drama,Mystery	7.3	848
tt10709062	tvEpisode	Her Last Breath	2019	84	Crime	6.6	716
tt10720816	tvMovie	All Summer Long	2019	84	Romance	6.4	810
tt10768278	tvMovie	Christmas Scavenger Hunt	2019	82	Comedy,Drama,Romance	6.1	1126
tt10768312	tvMovie	Check Inn to Christmas	2019	84	Drama,Romance	6.8	1304
tt10768328	tvMovie	Double Holiday	2019	84	Drama,Romance	6.8	1164
tt10768348	tvMovie	The Mistletoe Secret	2019	83	Drama,Romance	6.3	1162
tt10768410	tvMovie	Christmas at Graceland: Home for the Holidays	2019	84	Music,Romance	6.3	956
tt10768456	tvMovie	Holiday Date	2019	84	Comedy,Drama,Romance	6.4	1317
tt10768486	tvMovie	The Royal Mysteries	\N	80	\N	6.9	699
tt10768536	tvEpisode	A Beautiful Place to Die	2020	85	Mystery	6.7	920
tt10771556	tvMovie	A Very Corgi Christmas	2019	90	Drama,Family,Romance	5.3	494
tt10777644	tvMovie	Follow Your Heart	2020	84	Romance	6.3	490
tt10782366	tvMovie	Love Under the Olive Tree	2020	82	Drama,Romance	6.2	856
tt10783168	movie	The Baby Proposal	2019	89	Romance	5.7	319
tt10791618	tvMovie	Forever in My Heart	2019	88	Romance	6.3	1057
tt10799008	tvMovie	A Date by Christmas Eve	2019	93	Comedy,Drama,Fantasy	5.8	491
tt10808294	movie	Christmas on the Range	2019	90	Romance,Western	6.2	486
tt1083448	tvMovie	A Princess for Christmas	2011	91	Comedy,Drama,Family	6.4	8180
tt10854916	tvMovie	A Christmas Crush	2019	87	Comedy,Romance	4.5	541
tt10873852	tvMovie	Staging Christmas	2019	85	Drama,Family,Romance	5.5	467
tt10887358	tvMovie	One Winter Wedding	2021	84	Drama,Romance	6.1	546
tt10887492	tvMovie	Country at Heart	2020	84	Drama,Music,Romance	6.2	1206
tt10887504	tvMovie	Love, Fall & Order	2019	84	Romance	6.5	1026
tt10887838	tvMovie	Rediscovering Christmas	2019	87	Drama,Romance	5.6	382
tt10887846	tvMovie	Christmas Hotel	2019	88	Drama,Romance	6.0	410
tt10887870	tvMovie	A Sweet Christmas Romance	2019	87	Romance	6.2	672
tt10920660	tvMovie	Mistletoe Magic	2019	85	Romance	6.3	378
tt10921042	tvMovie	Christmas at the Plaza	2019	84	Drama,Romance	6.5	2493
tt10921256	tvMovie	Always and Forever Christmas	2019	87	Comedy,Drama,Family	5.4	448
tt10922620	tvMovie	A Christmas Miracle	2019	83	Romance	6.3	551
tt10922632	tvMovie	Angel Falls: A Novel Holiday	2019	84	Fantasy,Romance	6.2	871
tt10922658	tvMovie	Christmas Under the Stars	2019	82	Drama,Romance	6.8	1788
tt10925434	tvMovie	Holiday Hearts	2019	86	Romance	6.5	968
tt10925460	tvMovie	Christmas in Evergreen: Tidings of Joy	2019	85	Romance	6.4	1387
tt10926350	tvMovie	A Godwink Christmas: Meant for Love	2019	85	Drama,Romance	6.9	1430
tt10926390	tvMovie	A Family Christmas Gift	2019	84	Romance	5.8	377
tt10929864	tvEpisode	Witness to Murder	2019	84	Mystery	7.0	518
tt10936658	tvMovie	A Blue Ridge Mountain Christmas	2019	84	Family	6.1	1015
tt10952042	tvMovie	It's Beginning to Look a Lot Like Christmas	2019	83	Comedy,Romance	6.1	832
tt10953626	tvMovie	Christmas in Louisiana	2019	90	Romance	5.8	492
tt10963986	tvMovie	Magical Christmas Shoes	2019	87	Comedy	6.2	519
tt10964168	tvMovie	Twinkle All the Way	2019	87	Comedy,Romance	6.3	905
tt10964186	tvMovie	Christmas 9 to 5	2019	87	Drama	6.2	581
tt10964214	tvMovie	A Doggone Christmas	2019	86	Romance	5.7	437
tt10964346	tvMovie	Grounded for Christmas	2019	86	Comedy,Romance	6.4	956
tt10964532	tvMovie	The Christmas Temp	2019	87	Comedy	5.5	387
tt10975992	movie	Mistletoe & Menorahs	2019	85	Drama,Romance	6.4	745
tt1097649	tvMovie	The Russell Girl	2008	120	Drama	6.6	1803
tt10979386	tvMovie	Christmas Matchmakers	2019	87	Family	5.2	343
tt11013606	tvSeries	The Wedding Planners	\N	80	Drama	7.0	53
tt1105729	tvMovie	The Good Witch	2008	89	Family,Fantasy,Romance	7.1	4174
tt11060626	tvMovie	Love by Accident	2020	84	Romance	5.8	185
tt11060704	tvMovie	A Christmas Recipe for Romance	2019	88	Romance	5.6	461
tt11068326	tvMovie	Time for You to Come Home for Christmas	2019	84	Drama,Romance	7.0	924
tt11096888	tvMovie	A Christmas Movie Christmas	2019	85	Comedy,Fantasy,Romance	5.7	1204
tt11100776	tvMovie	Christmas on My Mind	2019	84	Comedy,Drama,Romance	6.5	1234
tt1111880	tvMovie	Bridal Fever	2008	88	Romance	5.6	540
tt1112097	tvMovie	All I Want for Christmas	2007	86	Family,Romance	5.5	1090
tt11151688	tvMovie	Christmas in Montana	2019	82	Drama,Romance	6.7	942
tt11171322	tvMovie	Our Christmas Love Song	2019	82	Drama,Music,Romance	6.3	904
tt1118040	tvMovie	Charlie & Me	2008	88	Drama,Family	6.5	239
tt11192714	movie	Retreat to Paradise	2020	88	Romance	6.1	425
tt11192852	tvMovie	Feliz NaviDAD	2020	87	Drama,Family	6.1	608
tt11193190	tvMovie	A Homecoming for the Holidays	2019	84	Drama,Family,Romance	6.6	823
tt11230402	tvMovie	My Best Friend's Christmas	2019	90	Drama,Romance	5.0	238
tt11241514	tvMovie	A Cheerful Christmas	2019	83	Drama,Romance	4.9	938
tt11272506	tvMovie	Love in Winterland	2020	83	Drama,Romance	6.4	1119
tt11274306	tvMovie	A Valentine's Match	2020	82	Drama,Romance	6.7	1117
tt11274564	tvMovie	Love on Iceland	2020	83	Comedy,Romance	6.3	1144
tt11290298	tvMovie	Christmas Stars	2019	88	Comedy,Drama,Music	6.2	380
tt11348926	tvMovie	The Angel Tree	2020	86	Drama,Mystery,Romance	7.0	925
tt11348950	tvMovie	You're Bacon Me Crazy	2020	82	Romance	6.6	1029
tt11348956	tvMovie	Playing Cupid	2021	84	Comedy,Romance	6.4	793
tt11363582	tvMovie	A New Year's Resolution	2021	84	Drama,Romance	6.7	965
tt11388822	movie	Romance on the Menu	2020	96	Family,Romance	6.1	783
tt11399362	movie	Finding Love in Mountain View	2020	89	Romance	6.1	512
tt11421396	tvMovie	The Secret Ingredient	2020	82	Comedy,Drama,Romance	6.8	1088
tt11439610	tvMovie	Winter in Vail	2020	84	Comedy,Drama,Romance	7.0	1427
tt11439618	tvMovie	Hearts of Winter	2020	83	Drama,Romance	6.7	916
tt1145852	tvMovie	Daniel's Daughter	2008	88	Drama	6.0	527
tt1146321	tvMovie	The Note	2007	88	Family	6.7	790
tt1146439	tvMovie	A Gunfighter's Pledge	2008	84	Action,Drama,Western	5.4	428
tt11508080	tvMovie	A Crafty Christmas Romance	2020	84	Romance	5.5	470
tt11585200	tvMovie	The Christmas Waltz	2020	84	Drama,Family,Romance	7.0	1657
tt11615500	tvMovie	Candy Cane Christmas	2020	91	Comedy,Drama,Romance	5.6	600
tt11617476	tvEpisode	Riddled with Deceit	2020	85	Mystery	6.8	706
tt11644218	movie	London Love Story	2016	89	Drama,Romance	7.4	54
tt11644304	movie	London Love Story 2	2017	101	Drama,Romance	7.8	44
tt11656836	tvMovie	Just My Type	2020	84	Comedy,Drama,Romance	6.8	1457
tt11662610	tvMovie	Matching Hearts	2020	84	Drama,Romance	6.7	1257
tt11666938	tvMovie	Inn Love by Christmas	2020	88	Comedy,Drama,Romance	5.9	591
tt11686304	tvEpisode	Prediction Murder	2020	80	Crime	6.7	664
tt11686316	tvEpisode	Exit, Stage Death	2020	84	Crime,Mystery,Romance	6.6	324
tt11686340	tvEpisode	A Fatal Romance	2020	84	Crime,Mystery,Romance	6.5	502
tt11686346	tvEpisode	An Education in Murder	2020	84	Crime,Drama,Mystery	7.2	817
tt11686354	tvEpisode	Crossword Mysteries: Riddle Me Dead	2021	80	Crime,Drama,Mystery	7.1	422
tt11707320	tvMovie	Love is a Piece of Cake	2020	90	Animation,Comedy,Romance	6.0	632
tt11738870	tvMovie	Christmas on Ice	2020	87	Romance	6.2	821
tt11740766	tvMovie	Love in Harmony Valley	2020	88	Romance	6.0	376
tt11753704	movie	The Christmas Listing	2020	84	Drama,Romance	5.1	503
tt11808612	tvMovie	Fashionably Yours	2020	84	Comedy,Romance	6.2	748
tt11828420	tvMovie	Christmas on the Vine	2020	87	Drama,Romance	6.0	510
tt11836852	tvMovie	Love in the Forecast	2020	82	Comedy,Romance	6.2	988
tt11844502	tvMovie	Love's Second Chance	2020	92	Romance	5.2	314
tt11847642	tvMovie	Deliver by Christmas	2020	84	Comedy,Romance	6.7	1025
tt11859634	tvEpisode	Aurora Teagarden Mysteries: Reunited and it Feels So Deadly	2020	84	Crime,Mystery	7.0	556
tt11864126	tvMovie	Love on Harbor Island	2020	80	Comedy,Drama,Family	6.1	834
tt11916012	tvMovie	Blueprint to the Heart	2020	90	Romance	6.1	507
tt11929008	tvMovie	A Very Charming Christmas Town	2020	88	Comedy,Drama,Romance	5.9	755
tt1202521	tvMovie	Every Second Counts	2008	88	Drama	5.3	161
tt12110636	tvMovie	A Royal Christmas Engagement	2020	86	Family,Romance	4.7	359
tt12145636	movie	Love You Right: An R&B Musical	2021	80	Drama,Musical,Romance	6.6	85
tt12228496	tvMovie	Christmas by Chance	2020	97	Comedy,Romance	6.1	247
tt1224368	tvMovie	Ladies of the House	2008	96	Drama	5.9	197
tt1225826	tvMovie	Bound by a Secret	2009	90	Drama	5.9	188
tt1227777	tvMovie	Generation Gap	2008	95	Drama,Family	6.5	268
tt12316630	tvMovie	The Charm of Love	2020	88	Romance	5.6	363
tt12389030	tvMovie	A Very Country Christmas: Homecoming	2020	84	Romance	6.1	310
tt1249299	tvMovie	Dear Prudence	2009	87	Crime,Drama,Mystery	5.7	327
tt1252330	tvMovie	Relative Stranger	2009	88	Drama	6.5	175
tt12529748	tvMovie	Kite Festival of Love	2021	90	Drama,Romance	6.4	475
tt12536348	tvMovie	A Country Romance	2021	80	Romance	5.8	109
tt12539024	tvMovie	Save the Wedding	2021	86	Romance	4.7	291
tt12557978	tvMovie	A Christmas Tree Grows in Colorado	2020	86	Drama,Family	5.6	704
tt12567442	tvMovie	A Wedding to Remember	2021	85	Comedy,Romance	6.2	230
tt12579258	tvMovie	Lonestar Christmas	2020	87	Romance	5.7	409
tt12587514	tvMovie	Romance in the Air	2020	81	Drama,Romance	5.7	686
tt1264894	tvMovie	Chasing a Dream	2009	120	Drama,Family,Sport	6.3	213
tt1264895	tvMovie	Moonlight & Mistletoe	2007	87	Drama,Family,Romance	6.1	1550
tt12660882	tvMovie	Wedding Every Weekend	2020	84	Comedy,Romance	6.8	957
tt1269560	tvMovie	Love Takes Wing	2009	88	Family,Romance,Western	6.7	1387
tt1272019	tvMovie	A Kiss at Midnight	2008	90	Drama,Romance	6.2	509
tt12739938	tvMovie	Hint of Love	2020	84	Comedy,Romance	6.2	488
tt1275626	tvMovie	For the Love of Grace	2008	89	Drama,Romance	6.1	566
tt12756656	movie	Calling for Love	2020	90	Comedy,Romance	4.7	252
tt12766346	tvMovie	If I Only Had Christmas	2020	84	Drama,Romance	6.3	1291
tt12773628	tvMovie	One Royal Holiday	2020	85	Comedy,Drama,Family	7.1	1799
tt1278027	tvMovie	The Sweeter Side of Life	2013	81	Comedy,Romance	5.7	1102
tt12786794	tvMovie	A Love Yarn	2021	90	Comedy,Romance	6.4	205
tt12787842	tvMovie	Santa's Squad	2020	91	Drama,Family,Romance	6.0	789
tt12792442	tvMovie	Christmas Unwrapped	2020	87	Comedy,Drama,Romance	6.1	783
tt12821388	tvMovie	Merry Liddle Christmas Wedding	2020	87	Drama,Romance	5.9	347
tt12822926	tvMovie	On the 12th Date of Christmas	2020	84	Comedy,Romance	7.2	1630
tt12829388	tvMovie	You May Kiss the Bridesmaid	2021	90	Comedy,Romance	6.7	199
tt12843484	tvMovie	Let's Meet Again on Christmas Eve	2020	87	Drama,Romance	5.8	325
tt1285239	tvMovie	The Christmas Choir	2008	90	Drama	6.7	625
tt12877642	tvMovie	Jingle Bell Bride	2020	84	Drama,Romance	6.1	1109
tt12899520	tvMovie	Love at Cedar Creek	2021	80	Romance	5.6	165
tt12921552	movie	Christmas Comes Home	2020	84	Comedy,Drama,Romance	5.8	222
tt12932534	tvMovie	Christmas in the Rockies	2020	85	Romance	5.4	223
tt12932550	tvMovie	A Christmas Exchange	2020	87	Drama,Romance	5.9	508
tt12950902	tvMovie	The Christmas House	2020	84	Drama,Romance	6.0	1879
tt12953542	movie	My Sweet Holiday	2020	84	Drama,Romance	5.4	451
tt12965420	tvMovie	Dashing Home for Christmas	2020	84	Romance	6.1	374
tt12968696	tvMovie	Christmas on the Menu	2020	88	Comedy,Drama,Romance	6.2	514
tt12972410	tvMovie	My Best Friend's Bouquet	2020	83	Romance	6.2	593
tt1297854	tvMovie	The Wishing Well	2009	90	Drama	6.2	490
tt12986254	movie	Christmas with a Crown	2020	89	Romance	6.1	1074
tt12987036	tvMovie	The Christmas Yule Blog	2020	87	Romance	5.5	413
tt12988016	tvMovie	A Welcome Home Christmas	2020	88	Drama,Romance	6.8	739
tt1299366	tvMovie	Ice Dreams	2009	89	Drama,Family,Romance	6.0	397
tt12997976	tvMovie	Dear Christmas	2020	86	Romance	6.0	1168
tt13012364	tvMovie	One of a Kind Love	2021	90	Comedy,Romance	6.3	218
tt13013696	tvMovie	Seasoned with Love	2021	90	Comedy,Romance	6.7	184
tt13018906	tvSeries	Hailey Dean Mystery	2016	90	Crime,Drama,Mystery	7.4	317
tt13019570	tvSeries	Mystery Woman	2003	80	Mystery	7.7	170
tt13025202	tvSeries	Aurora Teagarden Mysteries	2015	90	Crime,Mystery	7.7	1083
tt13040330	tvMovie	Cross Country Christmas	2020	83	Comedy,Romance	6.7	1355
tt13055752	tvMovie	Together Forever Tea	2021	90	Comedy,Romance	6.8	185
tt13057170	tvMovie	Sweet Autumn	2020	84	Comedy,Family,Romance	6.5	923
tt13064420	tvMovie	Once Upon a Main Street	2020	87	Comedy,Drama,Romance	6.3	578
tt1307064	tvMovie	Love Finds a Home	2009	88	Drama,Family,Horror	6.8	1078
tt13085592	tvMovie	Heart of Down Under	2020	83	Action,Comedy,Drama	5.4	736
tt13097858	tvMovie	Christmas She Wrote	2020	84	Drama,Romance	5.8	1007
tt13098300	movie	The Nature of Romance	2021	80	\N	6.7	25
tt13099852	tvMovie	My Birthday Romance	2020	90	Romance	5.8	468
tt13109730	tvMovie	Good Morning Christmas!	2020	84	Drama,Romance	6.9	1323
tt13110420	tvMovie	Chasing Waterfalls	2021	86	Drama,Romance	6.5	970
tt13121702	tvMovie	The Christmas Edition	2020	88	Drama,Romance	6.0	612
tt1312251	tvMovie	The Good Witch's Garden	2009	86	Drama,Family,Fantasy	7.1	2143
tt13147656	tvMovie	The Christmas Setup	2020	85	Drama,Romance	6.9	2170
tt13147954	tvMovie	A Sugar & Spice Holiday	2020	84	Comedy,Drama,Romance	6.4	446
tt1316414	tvMovie	Flower Girl	2009	90	Romance	5.9	997
tt13169850	tvMovie	Time for Us to Come Home for Christmas	2020	84	Romance	7.0	1161
tt13174688	tvSeries	Picture Perfect Mysteries	2019	80	Crime,Mystery,Romance	6.9	337
tt13174740	tvMiniSeries	Darrow & Darrow	2017	80	Mystery	7.4	200
tt13174746	tvMiniSeries	Flower Shop Mysteries	2016	120	Crime,Drama,Mystery	7.0	239
tt13174748	tvMiniSeries	Murder, She Baked	2015	80	Crime,Mystery	7.6	406
tt13174750	tvMiniSeries	The Gourmet Detective	2015	80	Crime,Drama,Mystery	7.3	405
tt13176206	tvMovie	As Gouda as it Gets	2020	90	Comedy,Romance	6.2	185
tt13176816	tvSeries	Mystery 101	2019	80	Crime,Drama,Mystery	7.6	844
tt13178100	tvMiniSeries	Matchmaker Mysteries	2019	80	Crime,Mystery,Romance	6.9	313
tt1318522	tvMovie	Before You Say 'I Do'	2009	87	Comedy,Drama,Fantasy	6.0	1205
tt13189624	tvMovie	Homemade Christmas	2020	85	Comedy,Drama,Romance	5.8	531
tt13189798	tvMovie	Spotlight on Christmas	2020	84	Romance	6.1	649
tt13192538	tvMovie	Never Kiss a Man in a Christmas Sweater	2020	84	Comedy,Romance	6.7	1545
tt13194940	tvMovie	Christmas in Evergreen: Bells Are Ringing	2020	84	Drama,Romance	5.6	736
tt13197624	tvMovie	A Glenbrooke Christmas	2020	85	Drama,Romance	6.6	1202
tt13197674	tvMiniSeries	The Chronicle Mysteries: The Wrong Man	2019	80	Crime,Drama,Mystery	7.2	361
tt1320431	tvMovie	Mail Order Bride	2008	88	Romance,Western	5.5	460
tt13206476	tvMovie	Christmas by Starlight	2020	84	Drama,Romance	7.2	1604
tt13213470	tvMiniSeries	The Perfect Bride	2017	80	Reality-TV	6.8	203
tt1323030	tvMovie	Mending Fences	2009	88	Drama	6.6	215
tt1324060	tvMovie	Jack's Family Adventure	2010	80	Adventure,Family	6.3	173
tt13243610	tvMovie	Meet Me at Christmas	2020	83	Drama,Romance	6.4	879
tt13246926	tvMovie	Unlocking Christmas	2020	85	Mystery,Romance	6.4	966
tt13267034	tvMovie	The Christmas Ring	2020	84	Drama,Romance	6.5	890
tt13273702	tvMovie	Too Close For Christmas	2020	88	Drama	6.0	1132
tt13273728	movie	Colors of Love	2021	85	Drama,Romance	5.7	972
tt13273744	tvMovie	A Christmas Carousel	2020	85	Drama,Romance	6.0	925
tt1327788	tvMovie	The Most Wonderful Time of the Year	2008	88	Comedy,Drama,Family	7.3	4153
tt1327812	tvMovie	Taking a Chance on Love	2009	88	Romance	5.7	426
tt13286622	tvMovie	Heart of the Holidays	2020	84	Romance	6.2	855
tt13303050	tvMiniSeries	Emma Fielding Mysteries	2017	80	Crime,Mystery	6.8	241
tt13303456	tvMovie	Love, Lost & Found	2021	88	Comedy,Romance	5.7	458
tt13320784	tvMovie	Five Star Christmas	2020	84	Comedy,Romance	7.0	1902
tt13341368	tvMovie	Christmas on Wheels	2020	86	Romance	5.7	394
tt13341400	tvMovie	Christmas in Vienna	2020	83	Drama,Romance	6.4	1291
tt13341408	tvMovie	The Christmas Doctor	2020	84	Drama,Romance	6.9	716
tt13341414	tvMovie	A Timeless Christmas	2020	84	Comedy,Fantasy,Romance	7.1	2250
tt13341432	tvMovie	A Nashville Christmas Carol	2020	84	Drama,Fantasy,Music	6.2	1100
tt13341592	tvMovie	USS Christmas	2020	84	Romance	6.6	1191
tt13341848	tvMovie	A Godwink Christmas: Second Chance, First Love	2020	85	Drama,Family,Romance	6.8	966
tt13341908	tvMovie	Christmas Ever After	2020	87	Drama,Romance	6.1	654
tt13342004	tvMovie	Christmas Comes Twice	2020	84	Drama,Fantasy,Romance	5.9	587
tt13342118	tvMovie	Swept Up by Christmas	2019	84	Comedy,Drama,Romance	6.2	738
tt13342180	tvMovie	A Christmas Break	2020	90	Drama,Romance	5.7	484
tt13342190	tvMovie	Love, Lights, Hanukkah!	2020	84	Drama,Romance	6.8	890
tt13342238	tvMovie	Project Christmas Wish	2020	85	Drama,Family,Romance	7.0	1015
tt13344860	tvMovie	Christmas Tree Lane	2020	84	Comedy,Drama,Music	6.5	1054
tt13345816	tvMovie	A Romance Wedding	2021	85	Romance	5.4	84
tt13350688	tvMovie	Chateau Christmas	2020	84	Comedy,Drama,Music	6.4	1375
tt13356044	tvMovie	Cranberry Christmas	2020	84	Drama,Romance	6.5	807
tt13356246	tvMovie	Holly & Ivy	2020	85	Drama,Family,Romance	7.1	1048
tt13357086	tvMovie	A Whirlwind Wedding	2021	85	Comedy,Romance	6.1	299
tt13357258	tvMovie	The Christmas Bow	2020	83	Drama,Music,Romance	6.8	907
tt13357264	tvMovie	A Honeymoon to Remember	2021	85	Romance	4.4	92
tt1335977	tvMovie	Angel and the Bad Man	2009	95	Western	5.0	471
tt13365786	tvEpisode	Ships in the Night	2021	84	Mystery	6.8	582
tt13369758	movie	Riverfront Romance	2021	85	Romance	6.3	20
tt13381368	tvMovie	Christmas with the Darlings	2020	84	Comedy,Family,Romance	7.1	1280
tt1338590	tvMovie	Expecting a Miracle	2009	90	Drama,Romance	6.3	380
tt13401252	movie	Christmas in the Pines	2021	90	Romance	6.0	243
tt13403210	tvMovie	The Christmas Aunt	2020	86	Romance	5.6	262
tt1340795	tvMovie	Safe Harbor	2009	85	Drama	6.3	444
tt13438628	movie	Romance in the Wilds	2021	84	Romance	5.6	171
tt13438634	movie	Christmas in the Wilds	2021	86	Romance	5.5	132
tt13454498	tvMovie	Dashing in December	2020	88	Drama	6.2	1195
tt1346242	tvMovie	Always and Forever	2009	86	Comedy,Drama,Romance	6.1	479
tt1346983	tvMovie	Loving Leah	2009	95	Drama,Romance	7.0	3231
tt13484446	tvMovie	Beaus of Holly	2020	88	Comedy,Romance	5.9	195
tt13503476	tvMovie	The Valentine Competition	2021	92	Romance	5.5	141
tt13526198	tvMovie	A Perfect Match	2021	84	Romance	6.2	216
tt13526660	tvMovie	Wedding Cake Dreams	2021	80	Romance	7.0	24
tt1355235	tvMovie	Come Dance at My Wedding	2009	87	Drama	6.2	657
tt13582526	tvEpisode	Killer Timing	2021	84	Crime,Drama,Mystery	7.4	552
tt13605268	tvMovie	Two for the Win	2021	85	Drama,Romance	6.5	668
tt13606088	tvMovie	Taking a Shot at Love	2021	84	Comedy,Drama,Romance	7.2	1307
tt13606142	tvMovie	A Winter Getaway	2021	84	Comedy,Romance	6.3	718
tt13606148	tvMovie	Snowkissed	2021	84	Comedy,Romance	6.1	1016
tt1367239	tvMovie	Mrs. Washington Goes to Smith	2009	89	Comedy,Drama	5.5	324
tt13697800	tvMovie	A Picture Perfect Wedding	2021	85	Romance	5.5	140
tt13732354	tvEpisode	Aurora Teagarden Mysteries: How to Con A Con	2021	84	Crime,Mystery	7.2	477
tt13737848	tvMovie	Mix Up in the Mediterranean	2021	84	Comedy,Romance	6.3	821
tt13775584	tvMovie	As Luck Would Have It	2021	86	Drama,Romance	7.0	1226
tt13779034	movie	Hot Chocolate Holiday	2020	95	Romance	6.3	216
tt13826702	tvMovie	Where Your Heart Belongs	2022	90	Family,Romance	5.3	459
tt13827742	tvMovie	Beverly Hills Wedding	2021	84	Drama,Romance	5.5	684
tt13831504	tvMovie	It Was Always You	2021	86	Comedy,Drama,Romance	7.1	1522
tt13839188	tvMovie	Designed with Love	2021	85	Romance	5.9	312
tt13842628	tvMovie	Cooking Up Love	2021	85	Romance	6.1	417
tt13843828	tvMovie	Love in Full Swing	2021	85	Romance	5.7	76
tt13845504	tvMovie	A Love to Remember	2021	85	Romance	5.7	338
tt13887620	tvMovie	Love Upstream	2021	85	Comedy,Romance	6.2	365
tt13888054	tvMovie	The Wedding Ring	2021	85	Romance	5.3	244
tt13893668	tvMovie	Love's Match	2021	84	Romance	5.4	250
tt13893970	tvMovie	Love in Translation	2021	85	Comedy,Family,Romance	5.9	318
tt13897490	movie	The Perfect Wedding Match	2021	83	Romance	5.1	191
tt13956548	tvMovie	Don't Forget I Love You	2021	84	Drama,Romance	6.5	509
tt13972476	tvMovie	Fishing for Love	2021	84	Comedy,Romance	5.9	148
tt13983288	tvMovie	Cupids on Beacon Street	2021	90	Comedy,Romance	6.6	93
tt13983454	tvMovie	Love Knots	2021	90	Comedy,Romance	6.9	74
tt14008268	tvMovie	For the Love of Chocolate	2021	80	Romance	6.5	26
tt14012034	tvMovie	A Vineyard Romance	2021	86	Drama,Romance	6.0	285
tt14039028	tvMovie	Fit for a Prince	2021	81	Comedy,Drama,Romance	5.9	763
tt14039046	tvMovie	Don't Go Breaking My Heart	2021	83	Comedy,Romance	6.6	808
tt14039078	tvMovie	Right in Front of Me	2021	84	Comedy,Drama,Romance	6.7	769
tt14060986	tvMovie	It Takes a Christmas Village	2021	87	Comedy,Romance	6.6	327
tt14074562	tvMovie	The Picture of Christmas	2021	85	Comedy,Family,Romance	6.6	72
tt14074586	tvMovie	A Snapshot of Forever	2022	80	Comedy,Romance	7.2	10
tt1410013	tvMovie	Christmas in Canaan	2009	86	Drama,Family	6.9	592
tt1410068	tvMovie	Uncorked	2009	90	Drama,Romance	6.2	869
tt14107648	tvMovie	Love Stories in Sunflower Valley	2021	90	Comedy,Romance	6.3	445
tt14113198	tvSeries	The Crossword Mysteries	2019	90	Crime,Drama,Mystery	7.7	212
tt14149740	tvMovie	The Clue to Love	2021	84	Romance	6.3	63
tt14149826	tvMovie	Love's Sweet Recipe	2021	85	Romance	5.5	158
tt1415256	tvMovie	Citizen Jane	2009	89	Biography,Crime,Drama	5.5	438
tt14182842	tvSeries	Martha's Vineyard Mysteries	2020	80	Mystery	7.2	265
tt14200784	tvMovie	Love on Trend	2021	85	Romance	5.1	49
tt14200814	tvMovie	Love in Whitbrooke	2021	85	Romance	6.0	327
tt1420568	tvMovie	The National Tree	2009	88	Drama	5.8	553
tt14219458	movie	Farm to Fork to Love	2021	87	Romance	5.7	316
tt14239846	tvMovie	Destination Love	2021	90	Comedy,Romance	6.9	15
tt14250266	tvMovie	Sweet as Maple Syrup	2021	90	Comedy,Romance	7.4	93
tt14256092	tvMovie	Snowed in for Christmas	2021	86	Romance	6.2	307
tt1431115	tvMovie	Mrs. Miracle	2009	90	Comedy,Family,Fantasy	6.7	2847
tt1434457	tvMovie	The Gambler, the Girl and the Gunslinger	2009	95	Comedy,Western	4.7	261
tt14376526	tvEpisode	Poisoned in Paradise	2021	84	Mystery	6.8	312
tt14442346	tvMovie	Cabin Connection	2022	80	Romance	8.0	14
tt14444018	tvMovie	Love on the Road	2021	85	Romance	6.5	345
tt14459724	tvMovie	The Perfect Pairing	2022	82	Family,Romance	6.7	532
tt1446201	tvMovie	12 Men of Christmas	2009	95	Comedy,Romance	5.5	2460
tt14477372	tvMovie	Sweet Carolina	2021	84	Drama,Romance	6.9	997
tt14488126	movie	Our Dream Wedding	2021	87	Drama,Romance	5.6	53
tt14488426	tvMovie	Written in the Stars	2021	90	Comedy,Romance	6.4	6
tt14489062	tvMovie	The Secret Sauce	2021	90	Comedy,Romance	7.1	93
tt14500264	tvMovie	To Catch a Spy	2021	90	Mystery,Romance	6.2	741
tt14502376	tvMovie	Christmas in Washington	2021	87	Romance	5.5	265
tt14549712	tvMovie	Sand Dollar Cove	2021	84	Drama,Romance	6.2	833
tt1455270	tvMovie	Healing Hands	2010	90	Family	5.6	337
tt14587370	tvMovie	Loving Christmas	2021	85	Romance	5.9	99
tt14599718	tvMovie	A Slice of Romance	2021	80	Romance	5.4	8
tt14605426	tvMovie	Her Pen Pal	2021	84	Drama,Romance	6.8	974
tt14606600	tvMovie	Baby, It's Cold Inside	2021	84	Drama,Romance	6.1	696
tt14621156	tvMovie	A Bridesmaid in Love	2022	80	Romance	6.4	45
tt14632158	tvMovie	The 27-Hour Day	2021	84	Romance	6.7	777
tt14641148	tvMovie	A Snowy Christmas	2021	84	Romance	5.1	260
tt14645614	tvMovie	The Song to My Heart	2022	85	Romance	6.7	71
tt14667790	tvMovie	Baking All the Way	2022	80	Romance	6.9	699
tt14681620	tvMovie	A Christmas Dance Reunion	2021	87	Drama,Romance	6.1	351
tt14684154	tvMovie	Love & Where to Find It	2021	85	Romance	6.5	126
tt14695276	tvMovie	You Had Me at Aloha	2021	84	Drama,Romance	6.4	702
tt14704394	tvMovie	Listen out for Love	2022	88	Comedy,Romance	6.5	100
tt14713796	tvMovie	Love for Starters	2022	80	Romance	6.9	699
tt14723400	tvMovie	Secretly Santa	2021	85	Romance	5.2	252
tt14757296	tvMovie	The Baker's Son	2021	84	Fantasy,Romance	6.1	851
tt14758476	tvMovie	A Chance for Christmas	2021	92	Comedy,Romance	5.7	272
tt14790908	movie	Love Map	2021	80	Romance	5.2	41
tt14809392	tvMovie	Crashing Through the Snow	2021	84	Comedy,Drama,Romance	7.1	899
tt14833702	tvMovie	A Little Daytime Drama	2021	90	Comedy,Romance	6.4	669
tt14850192	tvMovie	Christmas with a Prince: The Royal Baby	2021	90	Romance	5.5	181
tt14861278	tvMovie	Christmas Ã  La Carte	2021	80	Romance	5.4	80
tt14885506	tvMovie	Love, for Real	2021	84	Comedy,Romance	6.5	549
tt14909414	tvMovie	A Christmas to Savour	2021	85	Romance	5.5	80
tt14913290	tvMovie	Redemption in Cherry Springs	2021	84	Mystery	6.2	398
tt1492820	tvMovie	Elevator Girl	2010	88	Comedy,Family,Romance	6.3	1803
tt14940196	tvMovie	Rise and Shine, Benedict Stone	2021	84	Drama	6.9	394
tt14951396	tvEpisode	Deadly History	2021	84	Crime,Drama,Mystery	7.4	467
tt14951434	tvSeries	Hannah Swensen Mysteries	2021	80	Crime,Mystery	7.4	237
tt14958958	movie	Heart of the Manor	2021	85	Comedy,Romance	6.3	31
tt1496009	tvMovie	The Wild Girl	2010	85	Drama	5.3	140
tt1498574	tvMovie	The Wish List	2010	88	Comedy,Drama,Romance	6.2	966
tt15010346	tvMovie	Christmas on 5th Avenue	2021	84	Romance	6.5	284
tt15029944	tvMovie	Farmer Seeking Love	2021	90	Comedy,Romance	7.3	29
tt15075886	tvMovie	Love Afloat	2022	80	Romance	6.9	699
tt1509119	tvMovie	You Lucky Dog	2010	87	Drama	5.8	448
tt15102772	tvMovie	Making Spirits Bright	2021	84	Drama,Romance	6.1	592
tt15112934	tvMovie	Taking the Reins	2021	84	Comedy,Drama,Romance	6.4	658
tt15117586	tvMovie	Sealed with a Kiss: Wedding March 6	2021	84	Romance	5.8	232
tt15187842	tvMovie	Toying with the Holidays	2021	86	Comedy,Romance	6.4	390
tt15197106	tvMovie	Maps and Mistletoe	2021	85	Romance	5.4	277
tt1519929	tvMovie	A Dog Named Christmas	2009	95	Drama,Family	7.4	1168
tt15202038	tvMovie	Sweet Pecan Summer	2021	84	Drama,Family,Romance	6.2	557
tt15205430	tvMovie	Coyote Creek Christmas	2021	84	Drama,Romance	5.7	994
tt15205434	tvMovie	Be Mine, Valentine	\N	90	Comedy,Romance	6.9	699
tt15205498	tvMovie	The Story of Love	2022	85	Comedy,Romance	6.2	95
tt15205728	tvMovie	Fixing Up Christmas	2021	85	Comedy,Romance	5.9	226
tt15208950	tvMovie	One Summer	2021	84	Drama,Mystery,Romance	7.1	592
tt15209000	tvMovie	Love Strikes Twice	2021	84	Comedy,Mystery,Romance	7.1	804
tt15209944	tvMovie	Raise a Glass to Love	2021	84	Comedy,Drama,Romance	7.0	636
tt15214710	tvMovie	South Beach Love	2021	83	Comedy,Drama,Romance	6.1	632
tt15214740	tvMovie	Flirting with Romance	2021	80	Romance	6.9	699
tt15214826	tvMovie	The Vows We Keep	2021	84	Drama,Romance	6.2	323
tt15214870	tvMovie	Signed, Sealed, Delivered: The Vows We Have Made	2021	84	Comedy,Drama,Mystery	8.4	499
tt15215420	tvMovie	Advice to Love By	2021	84	Drama,Romance	5.7	312
tt15226096	tvMovie	The Nine Kittens of Christmas	2021	84	Comedy,Drama,Family	6.7	1138
tt15235708	tvMovie	A Dickens of a Holiday!	2021	84	Romance	7.5	921
tt1525359	tvMovie	Freshman Father	2010	87	Drama,Family	6.4	774
tt1526745	tvMovie	Growing the Big One	2010	89	Romance	6.3	748
tt1531908	tvMovie	Dad's Home	2010	90	Drama	5.8	243
tt15348352	tvMovie	The Christmas Promise	2021	84	Drama	6.8	784
tt15397946	tvMovie	One December Night	2021	84	Family,Music	7.2	879
tt15420960	tvMovie	A Christmas Together with You	2021	83	Drama,Romance	6.5	832
tt1542767	tvMovie	The Three Gifts	2009	84	Comedy,Drama,Family	6.2	411
tt15484422	tvMovie	You, Me & the Christmas Trees	2021	84	Romance	6.4	983
tt15502006	tvMovie	A Mrs. Miracle Christmas	2021	84	Drama,Family,Romance	7.3	702
tt15508150	tvMovie	My Christmas Family Tree	2021	84	Drama,Romance	7.7	1528
tt1559309	tvMovie	Backyard Wedding	2010	90	Comedy,Romance	5.6	636
tt1560779	tvMovie	The Good Witch's Gift	2010	83	Drama,Family,Fantasy	7.1	2019
tt1561770	tvMovie	The Shunning	2011	88	Drama	6.2	1842
tt15655480	tvMovie	Christmas in My Heart	2021	84	Romance	6.6	813
tt1567140	tvMovie	The Night Before the Night Before Christmas	2010	88	Family,Fantasy	5.6	682
tt15691228	tvMovie	Nantucket Noel	2021	84	Romance	6.0	768
tt15737510	tvMovie	The Santa Stakeout	2021	84	Comedy,Crime,Drama	6.5	977
tt15758400	tvMovie	Open by Christmas	2021	84	Romance	7.0	949
tt15766640	tvMovie	An Unexpected Christmas	2021	83	Romance	7.0	1653
tt1577038	tvMovie	A Christmas Wish	2011	97	Comedy,Drama,Family	6.5	1817
tt1579306	tvMovie	A Soldier's Love Story	2010	88	Drama,Romance	6.9	1263
tt15802082	tvMovie	The Perfect Recipe	2022	84	Romance	6.0	274
tt15822830	tvMovie	North to Home	2022	84	Drama	7.3	533
tt15829734	tvMovie	A Royal Queens Christmas	2021	84	Drama,Romance	6.4	846
tt15829754	tvMovie	Aurora Teagarden Mysteries: Haunted by Murder	2022	84	Crime,Mystery	7.5	288
tt15943510	tvMovie	Five More Minutes	2021	83	Romance	7.4	886
tt15943556	tvMovie	Christmas at Castle Hart	2021	84	Romance	6.4	1170
tt16047114	tvMovie	A Godwink Christmas: Miracle of Love	2021	84	Romance	6.3	524
tt16047292	tvMovie	Christmas for Keeps	2021	84	Comedy,Romance	5.3	367
tt16047434	tvMovie	Our Christmas Journey	2021	84	Romance	6.6	373
tt16047670	tvMovie	Time for Them to Come Home for Christmas	2021	84	Romance	7.2	1012
tt16150832	tvMovie	The Winter Palace	2022	85	Romance	6.3	360
tt16282114	tvMovie	Eight Gifts of Hanukkah	2021	84	Drama,Romance	6.9	787
tt16287754	tvMovie	The Wedding Veil	2022	84	Drama,Romance	7.6	1289
tt16287844	tvMovie	Butlers in Love	2022	84	Comedy,Romance	6.1	530
tt1629755	tvMovie	Fairfield Road	2010	89	Drama	6.0	785
tt1637652	tvMovie	Rock the House	2011	85	Comedy,Drama,Family	5.7	172
tt1646894	tvMovie	Farewell Mr. Kringle	2010	83	Comedy,Romance	5.8	596
tt1670269	movie	The Chateau Meroux	2011	94	Drama,Romance	5.2	1245
tt1672621	tvMovie	Love's Everlasting Courage	2011	88	Drama,Family,Western	6.9	942
tt16750392	tvMovie	Cut, Color, Murder	2022	84	Crime,Mystery	6.3	431
tt1684907	tvMovie	Love Begins	2010	89	Animation,Family,Romance	6.9	1160
tt1684914	tvMovie	Accidentally in Love	2011	88	Comedy,Drama,Romance	6.1	997
tt1698639	tvMovie	A Valentine's Date	2011	96	Comedy,Family,Romance	5.4	822
tt1699225	tvMovie	Beyond the Blackboard	2011	95	Drama,Family	7.6	2255
tt1699498	tvMovie	Lake Effects	2012	90	Comedy,Family,Romance	5.6	607
tt1708459	tvMovie	Call Me Mrs. Miracle	2010	90	Comedy,Drama,Family	6.8	2074
tt1708658	tvMovie	November Christmas	2010	96	Drama	7.5	1811
tt1709157	tvMovie	The Lost Valentine	2011	87	Drama,Romance	7.5	5971
tt1714202	tvMovie	Mystery Girl	2011	85	Comedy,Romance	6.1	1090
tt1714827	tvMovie	The Santa Suit	2010	89	Comedy,Fantasy	6.6	922
tt1720276	tvMovie	The Town Christmas Forgot	2010	84	Comedy,Family	5.7	801
tt1721625	tvMovie	Battle of the Bulbs	2010	89	Comedy,Family	5.4	792
tt1732169	tvMovie	The Edge of the Garden	2011	89	Drama,Fantasy	7.1	1050
tt1733111	tvMovie	Cancel Christmas	2010	87	Comedy,Family,Fantasy	5.6	570
tt1733737	tvMovie	Honeymoon for One	2011	90	Comedy,Romance	5.4	858
tt1737583	tvMovie	After the Fall	2010	90	Drama	5.9	290
tt1737586	tvMovie	Fixing Pete	2011	120	Comedy,Romance	5.8	698
tt1738342	tvMovie	A Family Thanksgiving	2010	84	Comedy,Drama,Fantasy	6.3	905
tt1743378	tvMovie	Finding a Family	2011	84	Drama	7.0	700
tt17524476	tvMovie	The Wedding Veil Unveiled	2022	84	Romance	7.3	654
tt17524492	tvMovie	The Wedding Veil Legacy	2022	84	Comedy,Romance	7.5	523
tt1754400	tvMovie	Keeping Up with the Randalls	2011	90	Comedy,Romance	5.4	347
tt1754513	tvMovie	Smooch	2011	102	Comedy,Romance	5.8	853
tt1761007	tvMovie	The Santa Incident	2010	88	Comedy,Family	4.9	407
tt1761017	tvMovie	Time after Time	2011	89	Drama,Fantasy,Romance	6.2	431
tt1773067	tvMovie	The Cabin	2011	90	Comedy	5.4	353
tt1779089	tvMovie	Perfectly Prudence	2011	85	Comedy	5.9	309
tt1785395	tvMovie	Gift of the Magi	2010	85	Drama,Romance	5.4	528
tt1785645	tvMovie	Three Wise Women	2010	87	Family,Romance	5.4	289
tt1790621	tvMovie	A Kiss for Christmas	2011	96	Comedy,Romance	6.1	4651
tt1807892	tvMovie	Holiday Engagement	2011	97	Comedy,Romance	6.0	3930
tt1816698	tvMovie	Three Weeks, Three Kids	2011	87	Family	6.4	760
tt18181656	tvMovie	Always Amore	\N	80	Drama	6.9	699
tt1838735	tvMovie	Our Wild Hearts	2013	89	Family,Western	5.1	435
tt1849218	tvMovie	William & Catherine: A Royal Romance	2011	86	Biography,Drama,Romance	4.9	510
tt1849868	tvMovie	A Taste of Romance	2012	90	Comedy,Drama,Family	6.6	1726
tt1871241	tvMovie	Chasing Leprechauns	2012	90	Family	6.2	450
tt1874757	tvMovie	The Good Witch's Family	2011	83	Drama,Family,Fantasy	7.0	1774
tt1893218	tvMovie	Dear Santa	2011	90	Drama	6.4	2788
tt1895321	tvMovie	Christmas Lodge	2011	86	Comedy,Drama,Family	6.0	2420
tt1910501	tvMovie	Annie Claus Is Coming to Town	2011	87	Comedy,Family,Fantasy	6.1	1699
tt1942900	tvMovie	Kiss at Pine Lake	2012	90	Romance	6.0	1168
tt2006707	tvMovie	Christmas Comes Home to Canaan	2011	85	Drama,Family	5.6	443
tt2008491	tvMovie	Trading Christmas	2010	87	Comedy,Romance	6.9	1599
tt2039366	tvMovie	Lucky Christmas	2011	86	Comedy,Drama,Family	5.5	1174
tt2039389	tvMovie	The Case for Christmas	2011	88	Comedy,Drama,Family	6.0	721
tt2039390	tvMovie	The Christmas Pageant	2011	87	Comedy,Romance	5.5	566
tt2078672	tvMovie	Love's Christmas Journey	2011	172	Drama,Family,Romance	6.4	731
tt2082289	tvMovie	Hannah's Law	2012	88	Action,Adventure,Drama	5.2	555
tt2094146	tvMovie	The Heart of Christmas	2011	86	Drama,Family	6.9	1150
tt2094787	tvMovie	Undercover Bridesmaid	2012	87	Mystery,Romance	5.5	1619
tt2107651	tvMovie	I Married Who?	2012	86	Comedy	6.0	1354
tt2112127	tvMovie	Christmas Magic	2011	84	Drama,Family,Fantasy	6.6	1461
tt2188926	tvMovie	Strawberry Summer	2012	120	Family	5.8	750
tt2190316	tvMovie	Operation Cupcake	2012	88	Comedy	5.5	420
tt2193456	tvMovie	Nearlyweds	2013	90	Comedy,Romance	5.7	1451
tt2202800	tvMovie	Notes from Dad	2013	80	Family,Music,Romance	6.5	311
tt2212670	tvMovie	After All These Years	2013	87	Mystery,Thriller	6.1	604
tt2214864	tvMovie	Puppy Love	2012	90	Comedy,Drama,Family	6.1	930
tt2214935	tvMovie	Cupid, Inc.	2012	80	Comedy,Romance	5.0	355
tt2228450	tvMovie	Christmas Angel	2012	88	Drama,Family	6.7	1165
tt2235348	tvMovie	Second Chances	2013	84	Drama,Romance	7.1	1793
tt2256703	tvMovie	Hitched for the Holidays	2012	87	Drama,Romance	6.5	2009
tt2256761	tvMovie	Meddling Mom	2012	85	Romance	4.6	310
tt2273004	tvMovie	The Good Witch's Charm	2012	82	Drama,Family,Fantasy	6.9	1603
tt2273024	tvMovie	The Good Witch's Destiny	2013	82	Drama,Family,Fantasy	7.0	1442
tt2288568	tvMovie	Be My Valentine	2013	83	Comedy,Family,Romance	5.6	782
tt2289406	tvMovie	Baby's First Christmas	2012	85	Family,Romance	5.4	697
tt2304098	tvMovie	Holly's Holiday	2012	85	Comedy,Fantasy,Romance	5.4	1186
tt2317171	tvMovie	The Confession	2013	89	Drama	6.2	743
tt2321445	tvMovie	Notes from the Heart Healer	2012	90	Drama	5.9	339
tt2339647	tvMovie	Smart Cookies	2012	119	Adventure	6.1	564
tt2339739	tvMovie	The Wishing Tree	2012	86	Family,Romance	6.2	665
tt2343140	tvMovie	The Seven Year Hitch	2012	88	Comedy,Romance	6.0	1426
tt2355762	tvMovie	Christmas with Holly	2012	88	Drama,Family,Romance	7.0	3283
tt2362991	tvMovie	When Calls the Heart	2013	90	Comedy,Drama,Family	6.6	1968
tt2374486	tvMovie	Help for the Holidays	2012	90	Drama,Family,Fantasy	6.6	2219
tt2376246	tvMovie	Christmas Song	2012	88	Drama,Family,Music	5.5	779
tt2376272	tvMovie	Christmas Dance	2012	86	Family,Romance	6.2	929
tt2377132	tvMovie	The Makeover	2013	93	Comedy	5.7	3130
tt2395247	tvMovie	How to Fall in Love	2012	84	Comedy,Romance	6.4	3535
tt2400685	tvMovie	Matchmaker Santa	2012	75	Comedy,Drama,Romance	6.6	2341
tt2402095	tvMovie	Harvest Love	2017	84	Comedy,Romance	6.3	1682
tt2415112	tvMovie	A Bride for Christmas	2012	84	Comedy,Romance	6.5	3987
tt2415468	tvMovie	The Christmas Heart	2012	90	Drama	6.0	630
tt2415496	tvMovie	Love at the Thanksgiving Day Parade	2012	84	Drama,Romance	6.8	1827
tt2417134	tvMovie	Naughty or Nice	2011	83	Comedy,Drama,Family	6.4	2454
tt2460976	tvMovie	Love at the Christmas Table	2012	89	Comedy,Drama,Romance	6.4	2513
tt2462824	tvMovie	This Magic Moment	2013	90	Comedy	5.5	392
tt2475914	tvMovie	Holiday High School Reunion	2012	88	Comedy,Drama,Musical	4.9	1323
tt2566858	tvMovie	A Star for Christmas	2012	88	Comedy,Drama,Romance	5.1	1016
tt2639488	tvMovie	Santa Switch	2013	90	Family	5.3	443
tt2640502	tvMovie	The Thanksgiving House	2013	85	Drama,Family,Romance	6.3	1005
tt2665200	tvMovie	Oh Christmas Tree!	2013	87	Comedy,Family,Romance	6.3	2317
tt2673674	tvMovie	Tom Dick & Harriet	2013	87	Comedy	5.9	262
tt2770480	tvMovie	Remember Sunday	2013	96	Drama,Romance	6.9	11636
tt2796792	tvMovie	A Way Back Home	2013	84	Drama	5.9	295
tt2816628	tvMovie	Reading Writing & Romance	2013	88	Family,Romance	6.4	737
tt2838678	tvMovie	A Royal Christmas	2014	90	Comedy,Family,Romance	6.5	4398
tt2866296	tvMovie	The Watsons Go to Birmingham	2013	87	Drama,Family,History	6.6	728
tt2963232	tvMovie	The Hunters	2013	85	Adventure,Fantasy,Sci-Fi	4.9	3950
tt2964360	tvMovie	Finding Normal	2013	90	Comedy	6.2	1889
tt2964654	tvMovie	Finding Christmas	2013	120	Drama,Romance	6.5	1878
tt2994382	tvMovie	Window Wonderland	2013	90	Comedy,Family,Romance	6.7	2068
tt2998888	tvMovie	Sweet Surrender	2014	90	Comedy,Drama,Family	6.0	591
tt3004544	tvMovie	Pete's Christmas	2013	86	Comedy,Drama,Family	6.0	1874
tt3004852	tvMovie	The Color of Rain	2014	87	Drama	6.9	1428
tt3015110	tvMovie	Christmas in the City	2013	87	Comedy,Drama,Family	5.7	1526
tt3101386	tvMovie	The Christmas Spirit	2013	84	Comedy,Drama,Romance	5.8	971
tt3102360	tvMovie	Dear Dumb Diary	2013	84	Comedy,Family,Musical	5.6	773
tt3106464	tvEpisode	Garage Sale Mystery	2013	120	Crime,Mystery	6.8	1405
tt3108318	tvMovie	A Lesson in Romance	2014	80	Family	5.2	335
tt3118746	tvMovie	A Snow Globe Christmas	2013	89	Comedy,Drama,Family	5.4	1101
tt3131456	tvMovie	A Very Merry Mix-Up	2013	87	Comedy,Drama,Family	6.8	3614
tt3131532	tvMovie	Catch a Christmas Star	2013	84	Comedy,Drama,Family	6.3	1730
tt3169000	tvMovie	Hats Off to Christmas!	2013	85	Drama,Romance	5.9	1736
tt3197176	tvMovie	The Good Witch's Wonder	2014	84	Drama,Family,Fantasy	6.9	1404
tt3210376	tvMovie	Holiday Road Trip	2013	88	Comedy,Drama,Romance	5.4	568
tt3210984	tvMovie	Dear Secret Santa	2013	88	Comedy,Family,Romance	6.1	713
tt3214240	tvMovie	Snow Bride	2013	84	Comedy,Family,Romance	6.7	3329
tt3242640	tvMovie	The Mystery Cruise	2013	82	Mystery	5.3	220
tt3289944	tvMovie	The Christmas Ornament	2013	83	Romance	6.8	1955
tt3320502	tvMovie	Let It Snow	2013	82	Drama,Family,Romance	6.7	2813
tt3338436	tvMovie	Chance at Romance	2014	120	Comedy,Family,Romance	6.5	1936
tt3346986	tvMovie	A Ring by Spring	2014	85	Comedy,Family,Romance	6.0	1433
tt3354866	tvMovie	June in January	2014	87	Comedy,Drama	5.8	1019
tt3356654	tvMovie	Lucky in Love	2014	87	Comedy,Drama,Romance	5.6	1254
tt3461912	tvMovie	Looking for Mr. Right	2014	84	Comedy,Drama,Family	5.6	1013
tt3498956	tvMovie	Wedding Planner Mystery	2014	90	Crime,Mystery,Romance	5.9	1111
tt3512900	tvMovie	When Sparks Fly	2014	86	Comedy,Drama,Romance	5.1	1353
tt3515524	tvMovie	Valentine Ever After	2016	84	Comedy,Drama,Family	6.7	1816
tt3579250	tvMovie	The Tree That Saved Christmas	2014	88	Drama,Romance	6.2	968
tt3579488	tvMovie	For Better or for Worse	2014	84	Comedy,Romance	5.2	1195
tt3592718	tvSeries	Signed, Sealed, Delivered	2013	43	Comedy,Drama,Mystery	7.7	2411
tt3593916	tvMovie	Mom's Day Away	2014	82	Comedy	5.7	468
tt3593926	tvMovie	The Memory Book	2014	84	Drama,Romance	6.8	1591
tt3595848	tvMovie	Northpole	2014	81	Family,Fantasy,Romance	6.3	1780
tt3600960	tvEpisode	The Gourmet Detective	2015	120	Crime,Drama,Mystery	6.6	1319
tt3626180	tvMovie	The Christmas Secret	2014	120	Drama,Family,Romance	7.3	3156
tt3630228	tvMovie	Perfect on Paper	2014	82	Comedy,Family,Romance	6.1	1089
tt3647110	tvMovie	My Boyfriends' Dogs	2014	84	Comedy,Family,Romance	5.8	1358
tt3725224	tvMovie	One Christmas Eve	2014	86	Comedy,Drama,Family	6.0	1334
tt3729860	tvMovie	Rescuing Madison	2014	90	Comedy,Drama	6.3	521
tt3741678	tvMovie	Paper Angels	2014	90	Drama	6.6	596
tt3783746	tvMovie	A Novel Romance	2015	86	Comedy,Family,Romance	6.4	2591
tt3804730	tvMovie	Naughty & Nice	2014	88	Comedy,Romance	5.9	1505
tt3815480	tvMovie	Stranded in Paradise	2014	86	Comedy,Romance	5.4	1685
tt3889642	tvMovie	The Nine Lives of Christmas	2013	86	Comedy,Drama,Family	7.2	3894
tt3911058	tvMovie	The Santa Con	2014	88	Comedy,Drama,Family	6.0	615
tt3918546	tvEpisode	Garage Sale Mystery: All That Glitters	2014	87	Crime,Mystery	6.9	1110
tt3918776	tvMovie	Love by the Book	2015	90	Drama,Family,Romance	6.2	1366
tt3946792	tvMovie	Mr. Miracle	2014	86	Comedy,Drama,Family	5.3	503
tt3958180	tvMovie	Along Came a Nanny	2014	84	Mystery	6.1	853
tt4012254	tvMovie	A Cookie Cutter Christmas	2014	84	Comedy,Romance	5.9	1863
tt4016588	tvMovie	Surprised by Love	2015	84	Comedy,Family,Romance	6.7	2577
tt4041278	tvMovie	The Cookie Mobster	2014	90	Family	5.8	271
tt4065212	movie	Bakery in Brooklyn	2016	100	Comedy,Romance	4.5	1666
tt4065316	tvMovie	Best Christmas Party Ever	2014	84	Comedy,Drama,Romance	6.4	1897
tt4065324	tvMovie	The Christmas Parade	2014	90	Comedy,Drama,Family	5.9	1325
tt4065336	tvMovie	Signed, Sealed, Delivered for Christmas	2014	84	Drama,Mystery,Romance	7.5	1341
tt4067256	tvMovie	Recipe for Love	2014	86	Comedy,Family,Romance	6.4	2235
tt4087916	tvMovie	Midnight Masquerade	2014	82	Comedy,Family,Romance	6.2	1342
tt4122118	tvMovie	Love Finds You in Charm	2015	92	Drama	6.4	1147
tt4137596	tvMovie	A Gift of Miracles	2015	85	Drama	6.2	1088
tt4146410	tvMovie	A Wish Come True	2015	85	Comedy,Romance	5.6	1181
tt4159212	tvMovie	One Starry Christmas	2014	83	Comedy,Drama,Romance	6.6	2120
tt4160132	tvMovie	Angels and Ornaments	2014	84	Family,Fantasy,Romance	6.8	1137
tt4177742	tvMovie	Christmas at Cartwright's	2014	84	Comedy,Drama,Family	6.4	1858
tt4180032	tvMovie	Christmas Under Wraps	2014	88	Comedy,Drama,Romance	6.3	5190
tt4185152	tvMovie	So You Said Yes	2015	84	Comedy,Drama,Romance	6.0	993
tt4200442	tvEpisode	Aurora Teagarden Mystery: A Bone to Pick	2015	84	Crime,Mystery	6.6	2022
tt4222522	tvMovie	The Christmas Shepherd	2014	84	Drama,Romance	6.7	1164
tt4276834	tvMovie	A Perfect Christmas List	2014	88	Comedy,Drama,Family	5.6	1151
tt4280430	tvMovie	A Christmas Kiss II	2014	88	Comedy,Romance	5.9	1962
tt4286666	movie	In-Lawfully Yours	2016	85	Comedy,Romance	5.9	1854
tt4309834	tvMovie	Away and Back	2015	96	Comedy,Drama,Romance	6.1	1363
tt4364338	tvMovie	Cloudy with a Chance of Love	2015	87	Comedy,Family,Romance	6.3	1171
tt4364860	tvMovie	Portrait of Love	2015	83	Comedy,Drama,Family	6.0	1109
tt4364862	tvMovie	Romantically Speaking	2015	90	Comedy,Family,Mystery	5.8	666
tt4364866	tvMovie	Adventures in Love & Babysitting	2015	90	Comedy,Family,Romance	6.2	669
tt4364882	tvMovie	Letter Never Sent	2015	90	Family,Romance	6.3	563
tt4368496	tvMovie	Bridal Wave	2015	88	Comedy,Family,Romance	6.5	2461
tt4380580	tvMovie	Just the Way You Are	2015	84	Comedy,Romance	5.9	1153
tt4380748	tvMovie	I Do, I Do, I Do	2015	87	Comedy,Fantasy,Romance	6.1	1964
tt4417186	tvMovie	Reluctant Nanny	2015	90	Drama,Family,Romance	6.5	963
tt4434688	tvMovie	The Spirit of Christmas	2015	91	Drama,Mystery,Romance	6.4	7280
tt4460176	tvMovie	All of My Heart	2015	84	Comedy,Family,Romance	6.9	3070
tt4460190	tvEpisode	Garage Sale Mystery: The Deadly Room	2015	83	Crime,Mystery	6.9	1021
tt4462668	tvMovie	The Right Girl	2015	90	Romance	6.5	804
tt4505830	tvMovie	Jesse Stone: Lost in Paradise	2015	86	Crime,Drama	7.2	2866
tt4526950	tvMovie	Perfect Match	2015	84	Comedy,Drama,Romance	6.0	1977
tt4539828	tvMovie	Love on the Air	2015	84	Comedy,Romance	6.9	1481
tt4555594	movie	How Sarah Got Her Wings	2015	88	Drama,Fantasy	5.5	1781
tt4587740	tvMovie	A Christmas Melody	2015	83	Comedy,Music,Romance	6.0	1961
tt4621642	tvEpisode	Murder, She Baked: A Chocolate Chip Cookie Mystery	2015	83	Crime,Mystery	6.5	1700
tt4622202	tvMovie	Love, Again	2015	83	Drama,Romance	5.9	641
tt4648986	tvMovie	A Prince for Christmas	2015	87	Comedy,Drama,Romance	6.0	1819
tt4658324	tvEpisode	Garage Sale Mystery: The Wedding Dress	2015	83	Crime,Mystery	6.9	989
tt4658578	tvMovie	Love Under the Stars	2015	84	Comedy,Romance	6.8	1613
tt4662412	tvMovie	Signed, Sealed, Delivered: From Paris with Love	2015	84	Drama,Mystery	7.6	1144
tt4666722	tvMovie	The Reckoning	2015	86	Drama	5.8	376
tt4667832	tvMovie	Win, Lose or Love	2015	90	Comedy,Romance	5.7	478
tt4698740	tvMovie	A Time to Dance	2016	85	Drama,Romance	6.2	805
tt4742556	movie	Accidentally Engaged	2016	86	Romance	5.8	2235
tt4743248	tvMovie	Casa Vita	2016	90	Drama,Family,Romance	6.3	529
tt4766018	tvMovie	Family for Christmas	2015	82	Drama,Family,Fantasy	6.2	2198
tt4767950	tvMovie	A Christmas Detour	2015	85	Comedy,Romance	6.1	3018
tt4768586	movie	The Storyteller	2018	90	Drama,Family,Fantasy	7.0	606
tt4769430	tvMovie	Love Finds You in Valentine	2016	87	Drama,Romance	6.4	1433
tt4789290	movie	A Kind of Magic	2015	90	Comedy,Fantasy,Romance	6.3	1044
tt4814436	tvMovie	A Country Wedding	2015	84	Drama,Romance	6.9	2796
tt4843046	tvMovie	Northpole: Open for Christmas	2015	83	Drama,Family,Fantasy	6.1	1808
tt4882698	tvMovie	Lead with Your Heart	2015	84	Drama,Romance	5.7	474
tt4921846	tvMovie	Christmas Truce	2015	88	Drama	5.6	464
tt4933782	tvEpisode	Murder, She Baked: A Plum Pudding Mystery	2015	85	Crime,Mystery	6.8	1386
tt4943236	tvMovie	Girlfriends of Christmas Past	2016	90	Comedy,Romance	5.2	836
tt4997624	tvMovie	Summer Love	2016	83	Drama,Romance	6.4	1888
tt5014528	tvMovie	Just in Time for Christmas	2015	96	Comedy,Romance	6.4	2471
tt5026308	tvMovie	Signed, Sealed, Delivered: Truth Be Told	2015	84	Drama	7.7	885
tt5031014	tvMovie	Ice Sculpture Christmas	2015	83	Comedy,Drama,Romance	6.6	2108
tt5033114	tvMovie	Once Upon a Holiday	2015	84	Comedy,Drama,Romance	6.1	3195
tt5052038	tvMovie	Love on the Vines	2017	90	Romance	6.0	694
tt5056034	tvMovie	'Tis the Season for Love	2015	98	Comedy,Drama,Family	6.3	1790
tt5062762	tvMovie	Magic Stocking	2015	86	Comedy,Drama,Fantasy	6.4	1433
tt5062804	tvMovie	The Christmas Note	2015	85	Drama,Mystery	6.7	1308
tt5063384	tvMovie	Hello, It's Me	2015	85	Drama,Romance	6.7	1062
tt5066870	tvMovie	Autumn Dreams	2015	84	Comedy,Drama,Romance	6.4	3529
tt5070196	tvMovie	Debbie Macomber's Dashing Through the Snow	2015	83	Comedy,Family,Romance	6.5	2208
tt5073652	tvMovie	The Engagement Clause	2016	87	Comedy,Romance	5.5	1191
tt5076032	tvMovie	October Kiss	2015	84	Comedy,Drama,Family	6.5	2684
tt5076184	tvMovie	Harvest Moon	2015	84	Action,Comedy,Drama	6.3	2978
tt5084214	tvMovie	Signed, Sealed, Delivered: The Impossible Dream	2015	84	Drama	7.8	902
tt5097970	tvMovie	Angel of Christmas	2015	84	Comedy,Romance	6.2	2141
tt5105666	movie	Love & Coffee	2016	90	Comedy,Romance	5.2	687
tt5127934	tvMovie	It Had to Be You	2015	90	Family	5.6	388
tt5133572	tvMovie	Crown for Christmas	2015	86	Comedy,Drama,Family	6.9	4731
tt5133810	tvMovie	12 Gifts of Christmas	2015	83	Comedy,Romance	6.4	4044
tt5135532	tvEpisode	Garage Sale Mystery: Guilty Until Proven Innocent	2016	84	Crime,Mystery	6.9	890
tt5156770	tvMovie	Charming Christmas	2015	85	Drama,Romance	6.2	1758
tt5175158	tvMovie	Twist of Fate	2016	86	Romance	6.4	529
tt5182120	tvMovie	I'm Not Ready for Christmas	2015	84	Comedy,Drama,Family	6.0	1955
tt5204384	tvMovie	Christmas Incorporated	2015	85	Comedy,Drama,Romance	6.4	2079
tt5210048	tvMovie	Merry Matrimony	2015	120	Comedy,Romance	5.6	1443
tt5210078	tvMovie	On the Twelfth Day of Christmas	2015	84	Comedy,Romance	6.8	1993
tt5210380	tvMovie	Merry Kissmas	2015	89	Comedy,Drama,Romance	5.3	3172
tt5211694	tvEpisode	Flower Shop Mystery: Mum's the Word	2016	83	Crime,Drama,Mystery	6.2	1068
tt5212042	tvMovie	Love's Complicated	2016	83	Comedy,Drama,Romance	6.5	1258
tt5231268	tvMovie	Unleashing Mr. Darcy	2016	84	Drama,Romance	6.2	2894
tt5231402	tvMovie	The Flight Before Christmas	2015	88	Comedy,Romance	5.9	1736
tt5235574	tvMovie	One Christmas Wish	2015	86	Drama,Family,Musical	6.8	501
tt5237552	tvMovie	A Gift Wrapped Christmas	2015	87	Comedy,Drama,Family	7.1	1625
tt5265662	tvMovie	Christmas Land	2015	84	Comedy,Drama,Family	5.8	2487
tt5266444	tvMovie	Last Chance for Christmas	2015	87	Family,Fantasy,Romance	6.1	748
tt5288136	tvMovie	Late Bloomer	2016	87	Family,Romance	6.5	968
tt5302658	tvMovie	Love on the Sidelines	2016	84	Adventure,Comedy,Drama	6.7	3298
tt5313016	tvMovie	Love in Paradise	2016	84	Comedy,Drama	6.5	1283
tt5319656	movie	Sweet Home Carolina	2017	84	Comedy,Drama,Romance	5.5	674
tt5329524	tvMovie	All Things Valentine	2016	83	Comedy,Drama,Romance	6.5	2254
tt5334108	tvMovie	Advance & Retreat	2016	90	Family	6.1	578
tt5340362	tvMovie	Anything for Love	2016	84	Comedy,Romance	6.5	2198
tt5364518	tvMovie	Dater's Handbook	2016	83	Comedy,Drama,Romance	5.8	2218
tt5368354	tvMovie	All Yours	2016	84	Comedy,Romance	5.9	864
tt5431950	tvMovie	Bridal Boot Camp	2017	92	Comedy,Romance	5.0	516
tt5458812	tvMovie	Appetite for Love	2016	84	Comedy,Romance	6.2	2110
tt5459456	tvEpisode	Flower Shop Mystery: Snipped in the Bud	2016	120	Crime,Drama,Mystery	6.3	853
tt5461758	tvMovie	The Last Love Letter	\N	80	\N	6.9	699
tt5485456	tvMovie	The Rooftop Christmas Tree	2016	88	Action,Animation,Family	6.2	990
tt5493392	tvMovie	The Mechanics of Love	2017	90	Drama	6.2	635
tt5496244	tvMovie	Signed, Sealed, Delivered: From the Heart	2016	84	Drama	7.7	867
tt5518792	tvMovie	Do I Say I Do?	2017	86	Romance	5.3	330
tt5541330	tvEpisode	Flower Shop Mystery: Dearly Depotted	2016	120	Crime,Drama,Mystery	6.3	843
tt5544464	tvMovie	Change of Heart	2016	85	Comedy,Drama,Romance	6.4	568
tt5566660	tvMovie	Love by Chance	2016	83	Comedy,Romance	6.2	2298
tt5574012	movie	Falling for Christmas	2016	87	Drama,Romance,Sport	6.1	1344
tt5605328	tvMovie	Tulips in Spring	2016	84	Drama,Romance	6.4	1480
tt5615976	tvMovie	Date with Love	2016	84	Comedy,Romance	6.1	2414
tt5643768	tvMovie	Hearts of Spring	2016	84	Comedy,Romance	5.8	915
tt5646992	movie	Love Exclusively	2017	92	Comedy,Romance	5.3	573
tt5664072	tvMovie	All for Love	2016	70	Comedy,Romance	6.6	44
tt5668196	tvMovie	The Convenient Groom	2016	84	Comedy,Drama,Romance	5.7	1370
tt5670394	tvMovie	Wedding Bells	2016	84	Comedy,Romance	6.3	1539
tt5670842	tvMovie	Once Upon a Date	2017	88	Comedy,Romance	5.8	266
tt5672502	tvEpisode	Garage Sale Mystery: The Novel Murders	2016	84	Crime,Mystery	7.0	913
tt5673202	tvEpisode	Murder, She Baked: A Deadly Recipe	2016	86	Crime,Mystery	6.7	1226
tt5675746	tvMovie	Hometown Hero	2017	90	Romance	6.0	615
tt5675936	tvMovie	Christmas Cookies	2016	84	Drama,Romance	6.4	2303
tt5676118	tvMovie	A Wish For Christmas	2016	84	Drama,Family,Fantasy	5.9	4712
tt5688480	tvMovie	Stop the Wedding	2016	84	Comedy,Drama,Romance	6.4	1581
tt5692030	tvMovie	Ms. Matched	2016	84	Comedy,Romance	5.2	2198
tt5734214	tvMovie	Summer in the City	2016	83	Comedy,Romance	6.4	1403
tt5739680	tvMovie	A December Bride	2016	84	Comedy,Romance	6.8	3173
tt5775370	tvMovie	The Wedding March	2016	84	Comedy,Drama,Family	6.3	876
tt5779286	tvMovie	Secret Millionaire	2018	84	Comedy	5.9	882
tt5779686	tvMovie	Diagnosis Delicious	2016	87	Family,Romance	6.0	646
tt5779862	tvMovie	Sisters of the Groom	2017	90	Family	6.3	833
tt5781222	tvMovie	For Love & Honor	2016	84	Comedy,Drama,Romance	6.3	715
tt5828874	tvMovie	My Summer Prince	2016	87	Comedy,Family,Romance	6.1	2012
tt5860940	tvMovie	I'll Be Home for Christmas	2016	84	Drama,Family,Romance	6.1	2478
tt5863634	tvMovie	A Perfect Christmas	2015	84	Comedy,Family,Romance	6.1	1256
tt5864236	tvMovie	Brimming with Love	2018	90	Family,Romance	6.2	862
tt5864238	tvMovie	Can't Buy My Love	2017	90	Family,Romance	6.4	1240
tt5891136	movie	ILY from 38.000 Ft	2016	102	Drama,Romance	6.1	165
tt5902138	tvMovie	Christmas List	2016	84	Comedy,Drama,Romance	6.1	1964
tt5916786	tvMovie	Garage Sale Mystery: The Art of Murder	2017	84	Crime,Mystery	6.7	877
tt5917230	tvMovie	Signed, Sealed, Delivered: One in a Million	2016	84	Drama	7.4	788
tt5921218	tvMovie	The Mistletoe Promise	2016	84	Comedy,Drama,Family	6.6	3203
tt5922484	tvMovie	Summer Villa	2016	84	Comedy,Romance	6.7	2238
tt5944496	tvMovie	Christmas Homecoming	2017	85	Drama,Romance	6.5	1326
tt5949946	tvMovie	My Christmas Dream	2016	82	Comedy,Romance	6.2	1933
tt5968910	tvMovie	Love on a Limb	2016	84	Comedy,Romance	6.0	1294
tt5971394	tvMovie	The Wedding Do Over	2018	90	Family	6.2	757
tt5990386	tvMovie	Road Less Traveled	2017	87	Music,Romance	5.8	620
tt5997848	tvMovie	The Christmas Cottage	2017	90	Comedy,Drama,Romance	6.3	1975
tt6008686	tvMovie	Summer of Dreams	2016	84	Drama	6.1	762
tt6041048	tvMovie	Autumn in the Vineyard	2016	84	Comedy,Romance	6.5	1825
tt6047684	tvMovie	Signed, Sealed, Delivered: Lost Without You	2016	84	Drama	8.0	821
tt6076802	tvMovie	Pumpkin Pie Wars	2016	84	Comedy,Romance	6.7	1658
tt6085974	tvMovie	Love Always, Santa	2016	84	Comedy,Romance	6.6	1575
tt6097984	tvMovie	Tomboy	2018	85	Family,Romance	5.7	280
tt6104760	tvMovie	My Christmas Love	2016	85	Comedy,Romance	6.2	2590
tt6111830	tvMovie	A Husband for Christmas	2016	87	Action,Comedy,Drama	4.9	588
tt6131148	tvMovie	Love You Like Christmas	2016	90	Comedy,Drama,Family	6.4	1802
tt6131636	tvMovie	The Irresistible Blueberry Farm	2016	105	Drama,Fantasy,Romance	7.0	1498
tt6132948	tvMovie	A Nutcracker Christmas	2016	86	Adventure,Drama,Family	6.6	1525
tt6140580	movie	Off the Menu	2018	96	Comedy,Romance	5.7	1053
tt6167116	tvMovie	Broadcasting Christmas	2016	84	Comedy,Drama,Family	6.0	1780
tt6170838	tvMovie	Mr. Write	2016	84	Romance	6.0	493
tt6173488	tvMovie	An Uncommon Grace	2017	90	Drama,Romance	6.4	1104
tt6185074	tvMovie	A Cinderella Christmas	2016	93	Comedy,Romance	6.2	2993
tt6203026	tvEpisode	Hailey Dean Mystery: Murder, with Love	2016	85	Crime,Drama,Mystery	6.5	832
tt6215212	tvMovie	Every Christmas Has a Story	2016	82	Comedy,Romance	6.1	1760
tt6217490	tvMovie	Looks Like Christmas	2016	84	Comedy,Drama,Romance	5.8	984
tt6240470	tvMovie	Back to Love	2017	90	Romance	5.4	372
tt6245488	tvMovie	Finding Father Christmas	2016	84	Drama,Romance	6.8	2238
tt6260218	tvMovie	Sound of Christmas	2016	84	Drama,Family,Music	6.4	1049
tt6263260	tvMovie	A Heavenly Christmas	2016	93	Drama,Fantasy,Romance	6.4	1791
tt6264244	tvMovie	Season's Greetings	2016	87	Comedy,Drama,Romance	6.0	705
tt6269192	tvMovie	Journey Back to Christmas	2016	84	Drama,Family,Fantasy	7.0	2720
tt6269700	tvMovie	Operation Christmas	2016	84	Romance	6.8	1598
tt6273004	tvMovie	Christmas in Homestead	2016	84	Romance	6.6	2353
tt6275674	tvMovie	A Puppy for Christmas	2016	85	Comedy,Drama,Romance	5.9	983
tt6279602	tvMovie	A Dream of Christmas	2016	84	Comedy,Drama,Family	6.7	2241
tt6284950	tvMovie	A Rose for Christmas	2017	84	Drama,Romance	6.0	1452
tt6286216	tvMovie	A Dash of Love	2016	85	Action,Comedy,Family	6.6	2151
tt6288876	tvMovie	A Christmas to Remember	2016	84	Comedy,Drama,Romance	6.5	2271
tt6295106	tvMovie	While You Were Dating	2017	80	Comedy,Romance	5.8	567
tt6303962	tvMovie	12 Days of Giving	2017	85	Comedy,Drama,Family	6.0	920
tt6319714	tvMovie	Love on Ice	2017	84	Drama,Romance,Sport	6.3	1436
tt6321108	tvMovie	Hearts of Christmas	2016	84	Drama,Romance	6.8	1658
tt6338374	tvMovie	Love at First Glance	2017	80	Drama,Family,Romance	6.0	1639
tt6343348	tvMovie	Framed for Murder: A Fixer Upper Mystery	2017	84	Crime,Drama,Mystery	6.6	1247
tt6349282	tvMovie	Sleigh Bells Ring	2016	82	Family,Romance	6.3	1303
tt6364638	movie	A Wedding Wonderland	2017	90	Romance	5.1	600
tt6382412	tvMovie	Love Locks	2017	95	Romance	6.4	1364
tt6386526	tvMovie	Campfire Kiss	2017	88	Comedy,Romance	6.3	1510
tt6387232	tvMovie	A Royal Winter	2017	84	Drama,Family,Fantasy	6.4	2978
tt6398360	movie	Love's Last Resort	2017	86	Comedy,Drama,Romance	5.4	1037
tt6398464	tvMovie	The Perfect Christmas Present	2017	82	Drama,Romance	6.3	1521
tt6432062	tvMovie	The Birthday Wish	2017	84	Comedy,Drama,Romance	6.8	2263
tt6439776	tvMovie	Walking the Dog	2017	84	Comedy,Romance	6.5	1170
tt6455992	tvMovie	Love Blossoms	2017	84	Drama,Romance	6.6	1627
tt6456614	tvMovie	Love at First Bark	2017	84	Comedy,Romance	6.3	1390
tt6478538	movie	The Christmas Calendar	2017	83	Comedy,Mystery,Romance	5.9	1311
tt6503354	tvMovie	Bad Date Chronicles	2017	84	Comedy,Romance	5.8	913
tt6540706	tvMovie	Sister Swap: A Hometown Holiday	2021	83	Romance	6.3	935
tt6568874	tvMovie	Signed, Sealed, Delivered: Higher Ground	2017	84	Drama	8.0	803
tt6587078	tvMovie	Moonlight in Vermont	2017	83	Comedy,Romance	6.5	1869
tt6604438	tvMovie	A Man for Every Month	2017	90	Family	5.3	334
tt6605352	tvMovie	Christmas in the Air	2017	84	Comedy,Romance	6.2	1209
tt6615240	tvMovie	Second Chance Christmas	2017	120	Comedy,Drama,Romance	5.6	660
tt6619330	tvEpisode	Eat, Drink & Be Buried	2017	83	Crime,Drama,Mystery	6.8	774
tt6634632	tvMovie	Home for Christmas Day	2017	84	Drama,Family,Romance	6.4	1321
tt6658510	tvMovie	A Christmas Solo	2017	90	Comedy,Drama,Music	5.8	780
tt6669590	tvMovie	Like Cats & Dogs	2017	84	Comedy,Romance	6.2	1370
tt6697760	tvEpisode	Hailey Dean Mystery: Deadly Estate	2017	90	Crime,Drama,Mystery	6.5	795
tt6699114	tvMovie	Runaway Romance	2018	90	Drama,Romance	6.1	1057
tt6720438	movie	Emerson Heights	2020	96	Drama,Romance	5.3	248
tt6740584	tvMovie	Concrete Evidence: A Fixer Upper Mystery	2017	90	Crime,Drama,Mystery	6.7	993
tt6759380	tvMovie	A Song for Christmas	2017	84	Drama,Romance	6.6	1523
tt6764496	tvMovie	The Spruces and the Pines	2017	86	Comedy,Drama,Family	5.9	843
tt6782486	tvMovie	The Perfect Catch	2017	83	Drama,Family,Romance	6.6	1824
tt6791000	tvMovie	Marry Me at Christmas	2017	84	Comedy,Family,Romance	6.4	2012
tt6862864	movie	Another Tango	2018	82	Drama,Romance	5.1	281
tt6874542	tvEpisode	The Perfect Bride	2017	84	Reality-TV	6.5	1431
tt6914742	tvMovie	The Art of Us	2017	120	Comedy,Drama,Romance	6.6	1305
tt6928060	tvMovie	My Favorite Wedding	2017	84	Comedy,Romance	6.2	1834
tt6937070	tvMovie	Love at the Shore	2017	84	Comedy,Family,Romance	6.3	1540
tt6948128	tvMovie	All Anything or Love	2016	83	Comedy,Romance	6.5	1538
tt6958760	tvMovie	Engaging Father Christmas	2017	88	Drama,Romance	6.8	1506
tt6970518	tvMovie	Destination Wedding	2017	84	Comedy,Romance	6.0	1180
tt6973942	tvEpisode	Site Unseen: An Emma Fielding Mystery	2017	120	Crime,Mystery	6.2	875
tt7001906	tvMovie	A Very Country Christmas	2017	84	Comedy,Drama,Romance	6.1	1612
tt7006938	tvMovie	A Gift for Christmas	2017	90	Drama,Romance	6.6	2168
tt7030416	tvMovie	Enchanted Christmas	2017	84	Romance	5.8	1233
tt7030432	tvMovie	The Sweetest Christmas	2017	90	Comedy,Drama,Romance	6.3	2273
tt7034316	tvMovie	Eat, Play, Love	2017	83	Comedy,Romance	6.1	1327
tt7038606	tvMovie	Switched for Christmas	2017	90	Comedy,Drama,Family	6.6	2867
tt7038614	tvMovie	Coming Home for Christmas	2017	86	Drama,Romance	6.7	2080
tt7038632	tvMovie	Christmas Festival of Ice	2017	84	Romance	5.9	1121
tt7042586	tvMovie	Summer in the Vineyard	2017	82	Romance	6.2	1145
tt7042800	tvMovie	Wedding March 2: Resorting to Love	2017	84	Comedy,Romance	5.8	493
tt7049178	tvMovie	Rome in Love	2019	84	Romance	6.3	1054
tt7064954	tvMovie	Sun, Sand & Romance	2017	84	Action,Comedy,Family	6.0	1153
tt7069196	tvMovie	A Very Merry Toy Store	2017	90	Comedy,Drama,Family	5.4	977
tt7074092	tvMovie	Christmas Wedding Planner	2017	86	Romance	4.3	5910
tt7116712	tvMovie	Truly, Madly, Sweetly	2018	82	Drama,Romance	6.5	1001
tt7123974	tvMovie	The Christmas Cure	2017	87	Drama,Romance	6.2	1444
tt7131334	tvMovie	Falling for Vermont	2017	84	Drama,Romance	6.8	1660
tt7140696	tvMovie	At Home in Mitford	2017	84	Drama,Family	6.0	736
tt7197596	tvEpisode	Garage Sale Mystery: Murder Most Medieval	2017	84	Crime,Mystery	6.8	702
tt7235014	tvEpisode	Garage Sale Mystery: Murder by Text	2017	83	Crime,Mystery	6.7	673
tt7235362	tvEpisode	Garage Sale Mystery: The Beach Murder	2017	84	Crime,Mystery	6.8	682
tt7235496	tvEpisode	Garage Sale Mystery: A Case of Murder	2017	90	Crime,Mystery	7.0	665
tt7243076	tvMovie	All of My Heart: Inn Love	2017	84	Romance	6.6	1440
tt7358936	tvMovie	My Perfect Romance	2018	91	Romance	4.6	3001
tt7370936	tvMovie	The Christmas Train	2017	99	Drama,Romance	6.4	2559
tt7373264	tvMovie	Signed, Sealed, Delivered: Home Again	2017	87	Drama	7.7	811
tt7385392	tvMovie	Finding Santa	2017	90	Romance	6.3	1631
tt7404820	movie	Runaway Christmas Bride	2017	90	Comedy,Drama,Family	4.4	516
tt7418206	tvMovie	A Harvest Wedding	2017	84	Comedy,Romance	6.5	1254
tt7421814	tvMovie	Snowed-Inn Christmas	2017	86	Comedy,Drama,Romance	7.3	2708
tt7429362	tvMovie	Betting on the Bride	2017	88	Romance	5.6	1059
tt7440948	tvMovie	Christmas in Evergreen	2017	84	Family,Romance	6.5	2478
tt7488036	movie	The Trouble with Mistletoe	2017	111	Comedy,Drama,Romance	6.2	756
tt7520274	tvMovie	Love Struck CafÃ©	2017	84	Drama,Romance	6.2	1243
tt7546978	tvMovie	Romance at Reindeer Lodge	2017	90	Drama,Romance	6.4	1394
tt7557728	tvMovie	Christmas at Holly Lodge	2017	84	Drama,Family,Romance	6.5	1488
tt7588798	tvMovie	Miss Christmas	2017	84	Drama,Family,Romance	6.6	1954
tt7594384	tvMovie	Winter's Dream	2018	84	Drama,Family,Romance	6.2	1039
tt7598968	tvMovie	The Beach House	2018	90	Drama	6.5	1775
tt7605066	tvMovie	Wrapped Up in Christmas	2017	90	Comedy,Drama,Romance	6.0	775
tt7616668	tvMovie	Christmas Next Door	2017	86	Family,Romance	6.5	2351
tt7621886	tvMovie	Christmas in Mississippi	2017	90	Drama,Romance	6.4	1481
tt7630836	tvMovie	Christmas Connection	2017	83	Comedy,Drama,Family	6.4	1764
tt7635550	movie	A Kiss on Candy Cane Lane	2019	80	Drama	4.6	185
tt7642542	tvMovie	Magical Christmas Ornaments	2017	90	Drama,Fantasy,Romance	6.2	1644
tt7642558	tvMovie	Four Christmases and a Wedding	2017	90	Comedy,Drama,Family	5.9	1240
tt7643644	tvMovie	Rocky Mountain Christmas	2017	90	Family,Fantasy,Romance	6.5	1563
tt7647000	tvMovie	With Love, Christmas	2017	90	Comedy,Drama,Romance	6.7	1958
tt7647010	tvMovie	The Mistletoe Inn	2017	90	Comedy,Drama,Romance	6.4	1726
tt7654082	tvMovie	Royal New Year's Eve	2017	84	Comedy,Drama,Romance	6.3	1535
tt7657428	tvMovie	Snowmance	2017	90	Comedy,Drama,Family	5.1	835
tt7657462	tvMovie	A Bramble House Christmas	2017	84	Drama,Romance	7.1	2220
tt7688990	tvMovie	Christmas Getaway	2017	90	Comedy,Drama,Romance	7.1	2892
tt7692814	tvMovie	My Christmas Prince	2017	85	Comedy,Drama,Family	5.2	964
tt7696976	tvMovie	A Joyous Christmas	2017	83	Drama,Family,Romance	6.1	1248
tt7697712	tvMovie	Sharing Christmas	2017	90	Action,Drama,Family	6.1	1299
tt7704762	tvMovie	Christmas in Angel Falls	2017	84	Comedy,Drama,Romance	6.5	1437
tt7714136	tvMovie	Karen Kingsbury's Maggie's Christmas Miracle	2017	83	Drama,Family,Romance	6.9	1815
tt7714138	tvMovie	Christmas Encore	2017	83	Drama,Romance	5.8	1048
tt7726196	tvMovie	Undercover Angel	2017	90	Family	6.0	315
tt7736536	movie	All of You	2017	103	Drama,Romance	5.4	179
tt7736656	tvMovie	Christmas Cupcakes	2018	88	Comedy,Drama	5.8	947
tt7756084	movie	The Farmer and the Belle: Saving Santaland	2020	91	Comedy,Family,Romance	6.0	522
tt7756492	tvMovie	Frozen in Love	2018	84	Romance	6.6	1856
tt7768286	tvEpisode	Last Scene Alive: An Aurora Teagarden Mystery	2018	90	Crime,Mystery	6.8	1110
tt7785090	tvEpisode	Morning Show Mystery: Mortal Mishaps	2018	80	Drama,Mystery	6.4	587
tt7785106	tvMovie	Love, Once and Always	2018	120	Action,Comedy,Drama	6.2	1128
tt7817348	tvMovie	One Winter Weekend	2018	84	Drama,Family,Romance	6.6	1767
tt7825514	tvMovie	Love on the Slopes	2018	84	Comedy,Drama,Romance	6.5	1905
tt7855292	tvSeries	Dear Heirs	2018	80	Comedy,Drama,Family	7.0	333
tt7858404	tvMovie	Love, Lost and Found	2016	110	Drama	6.9	699
tt7872704	tvMovie	Christmas Perfection	2018	90	Comedy,Drama,Fantasy	5.5	855
tt7874116	tvMovie	Cooking with Love	2018	90	Comedy,Romance	6.6	1365
tt7879372	tvEpisode	Past Malice: An Emma Fielding Mystery	2018	120	Crime,Mystery	6.3	729
tt7905880	tvMovie	My Secret Valentine	2018	84	Comedy,Romance	6.5	1683
tt7919184	tvMovie	Pride and Prejudice, Cut	2019	87	Romance	5.7	274
tt7936510	tvMovie	Very, Very, Valentine	2018	86	Romance	6.5	1252
tt7936538	tvMovie	Love at Sea	2018	84	Mystery,Romance	5.5	938
tt7942116	tvMovie	Signed, Sealed, Delivered: The Road Less Travelled	2018	82	Comedy,Drama,Mystery	7.4	678
tt7946586	tvEpisode	Hailey Dean Mystery: 2 + 2 = Murder	2018	120	Crime,Drama,Mystery	6.5	593
tt7997256	tvMovie	Love on Safari	2018	84	Romance	6.6	1769
tt7999950	movie	Every Other Holiday	2018	90	Drama,Family,Romance	6.9	802
tt8020378	tvEpisode	Crossword Mysteries: A Puzzle to Die For	2019	120	Crime,Drama,Mystery	6.4	1407
tt8022676	tvMovie	Marrying Father Christmas	2018	85	Drama,Mystery,Romance	6.3	1281
tt8025296	tvMovie	Home by Spring	2018	87	Drama	6.1	1247
tt8039362	tvMovie	Marrying Mr. Darcy	2018	86	Romance	6.0	1269
tt8041006	tvMovie	Christmas with a View	2018	91	Drama,Romance	5.1	4523
tt8049772	tvMovie	Deadly Deed: A Fixer Upper Mystery	2018	90	Crime,Drama,Mystery	6.6	853
tt8060978	tvMovie	Royal Hearts	2018	84	Comedy,Romance	6.0	1428
tt8111210	tvMovie	Royal Matchmaker	2018	84	Comedy,Drama,Family	6.5	2017
tt8115218	tvMovie	The Sweetest Heart	2018	82	Romance	6.5	1355
tt8125466	tvMovie	Wedding March 3: Here Comes the Bride	2018	82	Romance	6.0	411
tt8231086	tvEpisode	The Perfect Bride: Wedding Bells	2019	84	Reality-TV	6.5	835
tt8250512	tvMovie	Once Upon a Prince	2018	120	Comedy,Drama,Romance	6.3	1585
tt8278648	tvMovie	Autumn Stables	2018	90	Drama,Romance	6.3	634
tt8295976	tvMovie	A Very Nutty Christmas	2018	90	Comedy,Fantasy,Romance	5.9	1243
tt8300786	tvMovie	It's Christmas, Eve	2018	84	Drama,Music,Romance	6.5	1176
tt8305372	tvEpisode	The Chronicle Mysteries: Recovered	2019	120	Crime,Drama,Mystery	6.9	829
tt8312392	tvMovie	A Summer to Remember	2018	82	Comedy,Family,Romance	6.4	1079
tt8319098	tvMovie	Yes, I Do	2018	79	Romance	5.7	1055
tt8322908	tvMovie	Christmas Catch	2018	87	Comedy,Crime,Romance	5.3	1422
tt8351424	tvMovie	Wedding of Dreams	2018	85	Comedy,Music,Romance	5.4	382
tt8354006	movie	Christmas Camp	2018	90	Drama,Family,Romance	5.7	707
tt8395220	tvMovie	A Christmas for the Books	2018	90	Drama,Romance	5.2	904
tt8416396	tvMovie	Cherished Memories: A Gift to Remember 2	2019	86	Comedy,Drama,Family	6.1	860
tt8420670	tvMovie	Last Vermont Christmas	2018	76	Drama,Family,Romance	5.8	973
tt8430044	tvMovie	Love at First Dance	2018	84	Drama,Romance	6.5	1385
tt8433858	tvMovie	Royally Ever After	2018	86	Comedy	5.8	1134
tt8443810	movie	Christmas Harmony	2018	85	Comedy,Drama,Music	6.3	691
tt8451018	tvMovie	Poinsettias for Christmas	2018	86	Family	6.5	1208
tt8456396	tvMovie	Wedding March 4: Something Old, Something New	2018	84	Romance	6.1	574
tt8466726	tvMovie	Pearl in Paradise	2018	84	Adventure,Comedy,Family	6.6	1517
tt8490686	tvEpisode	Aurora Teagarden Mysteries: The Disappearing Game	2018	83	Crime,Mystery	6.8	1012
tt8497680	tvMovie	Signed, Sealed, Delivered: To the Altar	2018	84	Comedy,Drama,Mystery	8.3	989
tt8498184	tvMovie	Christmas at Pemberley Manor	2018	84	Romance	6.2	2399
tt8498352	tvEpisode	Morning Show Mystery: Murder on the Menu	2018	83	Drama,Mystery	6.3	464
tt8523028	movie	Roped	2020	91	Drama,Romance	5.4	1366
tt8531658	tvMovie	Love & Glamping	2020	83	Comedy,Romance	6.3	1019
tt8555248	tvMovie	Love in Design	2018	86	Comedy,Family,Romance	6.2	1114
tt8582458	tvEpisode	Picture Perfect Mysteries: Newlywed and Dead	2019	85	Crime,Mystery,Romance	6.5	701
tt8583694	tvMovie	Christmas on Holly Lane	2018	90	Drama	6.3	847
tt8587650	tvMovie	Christmas Joy	2018	84	Family,Romance	6.4	1777
tt8587730	tvMovie	Love Under the Rainbow	2019	120	Romance	6.5	880
tt8589788	tvMovie	All of My Heart: The Wedding	2018	85	Romance	7.1	1043
tt8611700	movie	Christmas at the Chateau	2019	98	Comedy,Drama,Romance	3.8	248
tt8613908	tvMovie	The Christmas Contract	2018	89	Drama,Family,Romance	6.8	2510
tt8634192	tvMovie	Pride, Prejudice and Mistletoe	2018	82	Romance	6.2	1960
tt8634202	tvMovie	A Shoe Addict's Christmas	2018	85	Fantasy,Romance	6.6	2395
tt8659750	tvMovie	Hometown Holiday	2018	84	Comedy,Drama,Romance	5.0	987
tt8667202	tvMovie	Christmas with a Prince	2018	90	Romance	5.2	1617
tt8672786	tvMovie	A Christmas Arrangement	2018	90	Comedy,Romance	5.4	528
tt8694374	tvMovie	Christmas at Graceland	2018	85	Comedy,Drama,Family	5.7	1509
tt8708564	movie	Christmas in the Highlands	2019	84	Comedy,Drama,Romance	4.8	608
tt8709036	movie	A Christmas Prince: The Royal Wedding	2018	92	Drama,Romance	5.3	10611
tt8710040	tvEpisode	Darrow & Darrow: Body of Evidence	2018	83	Mystery	7.1	462
tt8732914	tvMovie	Road to Christmas	2018	84	Comedy,Drama,Romance	6.7	1833
tt8746226	tvMovie	From Friend to FiancÃ©	2019	77	Drama,Romance	6.2	1399
tt8783262	tvEpisode	A Killer Engagement	2019	80	Crime,Mystery,Romance	6.4	664
tt8826626	tvMovie	Season for Love	2018	80	Action,Family,Romance	6.5	1229
tt8863322	tvMovie	Under the Autumn Moon	2018	120	Action,Comedy,Drama	6.5	1165
tt8890158	movie	Prescription for Love	2019	89	Drama,Romance	6.2	931
tt8942494	tvMovie	Christmas Pen Pals	2018	90	Comedy,Drama,Romance	7.0	1218
tt8954890	movie	Midway to Love	2019	87	Romance	5.4	447
tt8957414	tvMovie	Roadhouse Romance	2021	84	Drama,Romance	6.8	817
tt8974850	tvMovie	A Godwink Christmas	2018	85	Drama,Romance	6.6	1581
tt8989870	tvMovie	Love, of Course	2018	84	Comedy,Romance	6.7	1059
tt8989874	tvMovie	Falling for You	2018	84	Romance	6.5	1187
tt8990334	tvMovie	Memories of Christmas	2018	120	Drama	6.1	650
tt9028784	tvMovie	Christmas at Grand Valley	2018	85	Romance	6.3	1164
tt9028802	tvMovie	Christmas Everlasting	2018	85	Drama,Romance	6.3	985
tt9028856	tvMovie	Christmas Wonderland	2018	120	Drama,Romance	5.9	3066
tt9028866	tvMovie	A Gingerbread Romance	2018	90	Drama,Family,Romance	5.4	798
tt9028872	tvMovie	Entertaining Christmas	2018	90	Comedy,Romance	6.1	961
tt9028880	tvMovie	Christmas Made to Order	2018	80	Romance	5.7	4047
tt9028890	tvMovie	A Midnight Kiss	2018	95	Romance	6.0	770
tt9028942	tvMovie	Santa's Boots	2018	90	Comedy,Drama,Romance	6.1	586
tt9029324	tvMovie	Northern Lights of Christmas	2018	120	Comedy,Drama,Family	6.6	1298
tt9032562	tvMovie	Homegrown Christmas	2018	90	Romance	6.0	1013
tt9033308	tvMovie	Welcome to Christmas	2018	90	Family,Romance	6.3	1250
tt9033628	tvMovie	Mingle All the Way	2018	83	Drama,Romance	6.8	2423
tt9033632	tvMovie	Christmas at the Palace	2018	85	Romance	6.4	1866
tt9033634	tvMovie	Christmas in Evergreen: Letters to Santa	2018	84	Drama,Fantasy,Romance	6.6	1687
tt9033636	tvMovie	A Majestic Christmas	2018	94	Drama,Romance	5.9	636
tt9033640	tvMovie	Hope at Christmas	2018	82	Comedy,Drama,Romance	6.5	1260
tt9033646	tvMovie	Reunited at Christmas	2018	85	Drama,Romance	6.2	1054
tt9033712	tvMovie	Christmas in Love	2018	84	Drama,Romance	6.4	1676
tt9058820	tvMovie	My Christmas Inn	2018	100	Comedy,Drama,Romance	5.6	2215
tt9058902	tvMovie	Jingle Belle	2018	86	Drama,Music,Romance	5.9	522
tt9058944	tvMovie	Hometown Christmas	2018	90	Romance	5.9	756
tt9059048	tvMovie	The Christmas Pact	2018	84	Comedy,Drama,Romance	5.8	508
tt9067272	tvMovie	Christmas Lost and Found	2018	90	Drama	6.0	420
tt9083646	tvMovie	Christmas on Honeysuckle Lane	2018	100	Drama,Romance	6.2	1161
tt9087578	tvMovie	Once Upon a Christmas Miracle	2018	83	Drama,Romance	7.3	1955
tt9093130	tvMovie	Time for Me to Come Home for Christmas	2018	84	Drama,Music,Romance	6.6	1397
tt9101480	tvMovie	A Christmas in Tennessee	2018	87	Comedy,Family,Romance	6.7	1211
tt9101692	tvMovie	Christmas Around the Corner	2018	90	Comedy,Drama,Romance	6.6	1463
tt9102152	tvMovie	Every Day Is Christmas	2018	85	Drama,Fantasy,Romance	5.9	476
tt9103028	tvMovie	Return to Christmas Creek	2018	86	Drama,Romance	6.3	1318
tt9103602	tvMovie	A Veteran's Christmas	2018	84	Drama,Romance	7.0	1901
tt9134798	tvMovie	Shoelaces for Christmas	2018	90	Drama,Family,Romance	6.2	394
tt9163780	tvEpisode	Good Witch: Tale of Two Hearts	2018	120	Comedy,Drama,Fantasy	7.5	253
tt9164986	tvSeries	The Baker and the Beauty	2020	43	Comedy,Drama,Musical	7.5	4151
tt9168384	tvMovie	Jingle Around the Clock	2018	90	Comedy,Romance	6.6	1344
tt9168416	tvMovie	Small Town Christmas	2018	120	Comedy,Drama,Romance	6.7	1519
tt9202096	tvMovie	Christmas Bells Are Ringing	2018	90	Drama,Romance	6.4	1403
tt9212666	tvMovie	Forever Christmas	2018	90	Drama,Romance	5.8	1107
tt9217732	tvMovie	A Christmas in Royal Fashion	2018	90	Romance	5.3	628
tt9217772	tvMovie	A Wedding for Christmas	2018	90	Romance	5.3	818
tt9247926	tvMovie	After the Storm	2019	91	Romance	5.4	409
tt9287492	tvMovie	Winter Castle	2019	83	Drama,Family,Romance	6.5	1518
tt9296692	tvMovie	Country Christmas Album	2018	90	Drama,Family,Romance	5.6	446
tt9323966	tvMovie	SnowComing	2018	84	Adventure,Family,Romance	6.4	1102
tt9382100	tvMovie	Love Alaska	2019	95	Romance	6.1	423
tt9386068	tvMovie	A Very Country Wedding	2019	84	Romance	5.9	465
tt9450768	tvEpisode	Gourmet Detective: Roux the Day	2020	85	Crime,Drama,Mystery	7.1	643
tt9466236	tvEpisode	Silent Witness	2019	120	Crime	6.3	957
tt9534518	tvMovie	One Winter Proposal	2019	84	Comedy,Romance	6.6	1226
tt9543238	movie	Starting Up Love	2019	77	Romance	5.4	337
tt9552488	tvMovie	Love, Romance, & Chocolate	2019	84	Romance	6.7	1636
tt9556730	tvMovie	A Winter Princess	2019	82	Animation,Drama,Family	6.4	1605
tt9556756	tvMovie	Winter Love Story	2019	84	Romance	7.0	1582
tt9556850	tvMovie	Valentine in the Vineyard	2019	84	Romance	6.2	913
tt9602544	tvMovie	The Story of Us	2019	84	Comedy,Romance	6.3	1119
tt9636630	movie	Home Sweet Home	2020	84	Comedy,Drama,Romance	4.8	668
tt9679608	tvEpisode	Mystery 101	2019	86	Crime,Drama,Mystery	6.9	1416
tt9690756	tvMovie	A Ring for Christmas	2020	88	Comedy,Romance	4.8	310
tt9695612	tvMovie	Love on the Menu	2019	90	Romance	6.8	1181
tt9702698	movie	Timeless Love	2019	85	Drama,Romance	6.9	1343
tt9703326	tvEpisode	Aurora Teagarden Mysteries: An Inheritance to Die For	2019	120	Crime,Mystery	7.1	841
tt9730696	movie	Law of Attraction	2020	84	Romance	5.7	49
tt9747392	tvMovie	Flip That Romance	2019	90	Romance	6.4	1185
tt9747440	tvMovie	A Christmas Love Story	2019	84	Drama,Music,Romance	6.9	1379
tt9747450	tvMovie	Holiday for Heroes	2019	81	Romance	7.0	1332
tt9749144	movie	Love on the Rise	2020	86	Drama,Romance	5.0	401
tt9759888	tvMovie	Crossword Mysteries: Proposing Murder	2019	83	Crime,Drama,Mystery	6.9	926
tt9759894	tvEpisode	Crossword Mysteries: Abracadaver	2020	84	Crime,Drama,Mystery	6.8	898
tt9759902	tvEpisode	Crossword Mysteries: Terminal Descent	2021	85	Crime,Drama,Mystery	7.0	513
tt9759918	tvMovie	Love to the Rescue	2019	84	Romance	7.0	1164
tt9759926	tvMovie	Just Add Romance	2019	83	Romance	6.4	1355
tt9759938	tvMovie	True Love Blooms	2019	82	Romance	6.3	807
tt9760202	tvEpisode	Searched & Seized	2019	80	Crime,Mystery	7.0	90
tt9760234	tvMovie	Made for You, with Love	2019	86	Comedy,Drama,Romance	6.2	551
tt9760256	tvMovie	Love Unleashed	2019	82	Romance	6.4	932
tt9777092	tvMovie	Wedding at Graceland	2019	83	Romance	6.0	628
tt9783876	tvMovie	A Brush with Love	2019	84	Romance	6.1	1093
tt9794314	tvEpisode	More Bitter Than Death	2019	90	Crime,Mystery	6.4	616
tt9815084	movie	A Very British Christmas	2019	90	Family	5.7	550
tt9822254	tvEpisode	Morning Show Mysteries: A Murder in Mind	2019	84	Drama,Mystery	6.4	409
tt9876408	tvMovie	Bottled with Love	2019	84	Drama,Romance	7.1	2203
tt9876418	tvMovie	Easter Under Wraps	2019	83	Comedy,Romance	6.4	1036
tt9876426	tvMovie	Love Takes Flight	2019	87	Romance	7.0	1167
tt9876822	tvEpisode	Vines That Bind	2019	90	Crime,Drama,Mystery	6.8	644
tt9892388	tvMovie	Art of Falling in Love	2019	90	Romance	6.0	420
tt9912890	tvMovie	Ivy & Mistletoe	2020	80	Family,Romance	5.3	63
